user_id,watch_time_hours,avg_session_mins,top_genres,total_sessions,weekend_ratio,completion_rate
USR-1001,11.99,35.03,Animation,16,0.37,0.89
USR-1002,12.8,32.71,"Animation,Family",20,0.43,0.36
USR-1003,5.33,32.06,Comedy,16,0.38,0.43
USR-1004,14.96,35.83,Animation,19,0.33,0.79
USR-1005,11.37,31.55,Comedy,15,0.4,0.62
USR-1006,11.67,27.14,"Comedy,Family",23,0.34,0.66
USR-1007,9.97,44.41,"Comedy,Family",21,0.42,0.63
USR-1008,9.6,25.65,Family,14,0.44,0.39
USR-1009,11.47,33.3,Animation,8,0.24,0.75
USR-1010,7.78,39.33,"Comedy,Animation",24,0.22,0.81
USR-1011,9.97,33.13,"Animation,Family",10,0.48,0.34
USR-1012,13.71,29.46,"Animation,Comedy",21,0.1,0.77
USR-1013,10.76,33.91,"Family,Animation",14,0.45,0.78
USR-1014,17.36,47.36,"Comedy,Family",22,0.46,0.82
USR-1015,11.27,38.2,"Comedy,Family",24,0.42,0.6
USR-1016,12.52,34.2,"Family,Animation",16,0.24,0.5
USR-1017,10.88,27.25,"Animation,Family",16,0.3,0.63
USR-1018,11.71,49.2,Family,18,0.3,0.53
USR-1019,13.76,43.03,Family,18,0.35,0.55
USR-1020,10.51,39.34,Comedy,16,0.1,0.87
USR-1021,16.98,44.62,Comedy,21,0.29,0.86
USR-1022,6.29,40.11,"Animation,Family",28,0.28,0.57
USR-1023,10.8,32.48,Comedy,10,0.41,0.49
USR-1024,11.92,29.56,"Animation,Family",25,0.31,0.6
USR-1025,12.94,27.38,"Family,Animation",9,0.42,0.69
USR-1026,12.85,27.34,"Comedy,Animation",11,0.43,0.7
USR-1027,8.46,37.63,"Comedy,Family",19,0.31,0.93
USR-1028,11.92,27.66,Family,21,0.54,0.53
USR-1029,13.39,38.89,Family,16,0.31,0.52
USR-1030,8.05,35.46,"Animation,Comedy",19,0.4,0.87
USR-1031,9.71,55.0,Family,12,0.46,0.62
USR-1032,12.64,39.31,Family,17,0.3,0.42
USR-1033,9.16,41.99,"Family,Comedy",23,0.36,0.75
USR-1034,7.26,26.86,"Comedy,Family",14,0.5,0.81
USR-1035,7.62,45.67,Family,10,0.34,0.54
USR-1036,11.09,32.11,Animation,17,0.31,0.61
USR-1037,9.04,36.57,Family,15,0.47,0.35
USR-1038,11.78,32.21,"Animation,Family",21,0.69,0.93
USR-1039,14.59,41.8,Comedy,11,0.16,0.52
USR-1040,13.02,48.47,Comedy,14,0.34,0.55
USR-1041,15.8,38.83,"Animation,Family",19,0.67,0.53
USR-1042,16.27,27.71,"Animation,Family",19,0.37,0.93
USR-1043,10.44,29.47,Family,8,0.24,0.88
USR-1044,14.47,35.1,"Comedy,Animation",15,0.78,0.66
USR-1045,13.42,46.81,"Comedy,Animation",18,0.35,0.67
USR-1046,12.49,47.1,Animation,11,0.45,0.82
USR-1047,12.0,43.42,Animation,15,0.25,0.67
USR-1048,9.21,44.61,Comedy,11,0.33,0.6
USR-1049,13.36,46.17,Animation,18,0.46,0.9
USR-1050,4.88,47.28,"Family,Comedy",20,0.32,0.82
USR-1051,15.16,32.92,Animation,21,0.13,0.28
USR-1052,10.27,31.87,"Animation,Family",16,0.35,0.8
USR-1053,10.81,37.87,"Comedy,Animation",13,0.65,0.5
USR-1054,6.86,44.11,Animation,21,0.4,0.52
USR-1055,10.73,31.26,Animation,27,0.45,0.66
USR-1056,10.75,34.19,"Family,Comedy",23,0.47,0.78
USR-1057,13.96,32.66,Animation,9,0.53,0.63
USR-1058,16.08,46.35,"Family,Comedy",13,0.4,0.5
USR-1059,10.44,33.98,"Animation,Family",24,0.49,0.72
USR-1060,10.77,25.88,"Family,Animation",13,0.56,0.61
USR-1061,10.64,38.72,Family,19,0.4,0.66
USR-1062,8.18,36.17,Family,20,0.29,0.88
USR-1063,11.6,37.47,"Comedy,Family",16,0.31,0.72
USR-1064,7.38,26.53,"Animation,Family",15,0.36,0.4
USR-1065,15.68,25.55,"Animation,Family",11,0.62,0.83
USR-1066,9.09,24.01,"Animation,Comedy",24,0.32,0.67
USR-1067,11.53,49.38,Family,25,0.44,0.6
USR-1068,5.7,26.42,Comedy,20,0.1,0.61
USR-1069,8.95,42.25,Comedy,23,0.42,0.5
USR-1070,9.69,46.42,Comedy,22,0.42,0.66
USR-1071,15.33,44.92,Animation,16,0.49,0.88
USR-1072,10.72,47.4,Animation,11,0.38,0.86
USR-1073,11.88,40.1,"Family,Animation",10,0.54,0.71
USR-1074,6.39,39.4,Comedy,7,0.27,0.72
USR-1075,12.74,33.97,Animation,18,0.44,0.74
USR-1076,8.91,27.04,"Family,Animation",11,0.39,0.49
USR-1077,8.84,27.61,"Family,Comedy",14,0.37,0.94
USR-1078,9.91,27.42,"Animation,Family",18,0.5,0.56
USR-1079,8.29,40.06,Animation,17,0.41,0.68
USR-1080,15.29,34.23,Animation,18,0.5,0.72
USR-1081,9.43,42.31,Comedy,14,0.23,0.55
USR-1082,7.26,47.81,Animation,22,0.71,0.56
USR-1083,11.7,47.53,"Family,Animation",16,0.32,0.86
USR-1084,6.57,22.6,Family,22,0.33,0.46
USR-1085,14.07,35.71,"Comedy,Family",18,0.3,0.69
USR-1086,10.35,34.33,"Comedy,Animation",13,0.62,0.64
USR-1087,12.2,41.82,Family,15,0.46,0.75
USR-1088,8.06,48.93,"Family,Comedy",19,0.49,0.65
USR-1089,13.15,24.21,"Comedy,Family",14,0.49,0.82
USR-1090,12.81,30.94,Comedy,30,0.33,0.88
USR-1091,8.97,27.31,Comedy,17,0.41,0.56
USR-1092,12.26,33.77,Animation,16,0.49,0.69
USR-1093,12.96,24.05,"Comedy,Animation",14,0.13,0.81
USR-1094,7.97,24.94,Animation,18,0.31,0.66
USR-1095,11.23,25.29,"Family,Comedy",10,0.54,0.7
USR-1096,9.25,40.43,Comedy,29,0.52,0.76
USR-1097,9.44,33.02,"Family,Comedy",16,0.5,0.84
USR-1098,9.17,33.01,"Family,Animation",15,0.4,0.63
USR-1099,15.62,39.62,Family,9,0.58,0.75
USR-1100,10.33,37.96,"Family,Comedy",12,0.5,0.51
USR-1101,7.87,37.43,"Family,Animation",14,0.56,0.56
USR-1102,9.01,38.93,Comedy,16,0.7,0.73
USR-1103,8.74,35.07,Comedy,20,0.56,0.62
USR-1104,7.66,25.11,Family,4,0.37,0.42
USR-1105,9.76,34.09,Family,16,0.48,0.93
USR-1106,13.88,34.12,"Animation,Comedy",12,0.33,0.51
USR-1107,7.89,24.72,Comedy,17,0.42,1.0
USR-1108,7.18,45.72,"Family,Animation",4,0.59,0.65
USR-1109,9.6,30.99,Animation,10,0.31,0.48
USR-1110,15.76,42.55,Animation,24,0.31,0.56
USR-1111,18.21,37.04,Animation,20,0.27,0.6
USR-1112,9.81,41.7,"Family,Comedy",13,0.37,0.49
USR-1113,8.69,34.2,"Animation,Comedy",19,0.25,0.79
USR-1114,9.95,32.34,"Comedy,Animation",23,0.36,0.64
USR-1115,9.07,43.11,"Family,Comedy",9,0.33,0.8
USR-1116,10.41,33.65,Family,24,0.5,0.81
USR-1117,6.42,32.71,"Comedy,Animation",18,0.44,0.57
USR-1118,8.17,37.37,"Family,Comedy",13,0.39,0.26
USR-1119,8.82,38.2,"Animation,Family",26,0.59,0.5
USR-1120,12.03,34.89,"Comedy,Family",22,0.18,0.5
USR-1121,10.94,34.44,Animation,13,0.24,0.5
USR-1122,13.66,29.35,Comedy,31,0.3,0.76
USR-1123,8.77,36.85,"Animation,Comedy",19,0.27,0.33
USR-1124,9.45,28.68,Comedy,9,0.21,0.59
USR-1125,12.0,39.73,"Comedy,Animation",22,0.33,0.68
USR-1126,16.34,40.84,Animation,24,0.5,0.72
USR-1127,10.29,24.37,Comedy,18,0.35,0.67
USR-1128,8.9,22.33,Animation,16,0.45,0.62
USR-1129,13.89,35.44,Comedy,28,0.44,0.46
USR-1130,14.74,30.01,Animation,31,0.55,0.52
USR-1131,9.94,32.92,Family,23,0.22,0.69
USR-1132,13.17,36.58,"Animation,Comedy",23,0.34,0.86
USR-1133,17.4,33.46,"Animation,Comedy",15,0.57,0.89
USR-1134,8.93,33.06,"Comedy,Family",16,0.28,0.53
USR-1135,10.4,37.64,Family,14,0.5,0.69
USR-1136,10.65,37.7,"Family,Animation",22,0.54,0.89
USR-1137,5.79,36.52,"Family,Animation",20,0.46,0.46
USR-1138,12.21,53.51,Animation,20,0.57,0.56
USR-1139,8.0,39.3,"Comedy,Animation",24,0.48,0.63
USR-1140,13.88,25.54,Animation,14,0.47,0.81
USR-1141,7.95,36.73,"Comedy,Animation",22,0.29,0.52
USR-1142,10.48,40.86,Animation,12,0.51,0.66
USR-1143,16.1,41.74,"Animation,Comedy",20,0.36,0.74
USR-1144,13.83,41.74,Family,20,0.44,0.56
USR-1145,11.08,34.89,Family,16,0.3,0.55
USR-1146,11.98,38.93,Comedy,20,0.5,0.43
USR-1147,10.57,36.63,Comedy,16,0.32,0.64
USR-1148,9.51,33.54,Family,23,0.35,0.68
USR-1149,13.72,28.81,"Family,Animation",14,0.4,0.95
USR-1150,8.28,24.06,Animation,24,0.38,0.34
USR-1151,12.7,43.56,"Comedy,Family",21,0.39,0.84
USR-1152,10.82,41.84,Comedy,15,0.25,0.78
USR-1153,12.45,35.31,"Animation,Family",8,0.33,0.82
USR-1154,7.71,30.54,Family,21,0.51,0.6
USR-1155,12.02,35.8,"Animation,Family",26,0.1,0.73
USR-1156,9.73,47.47,"Family,Animation",25,0.33,0.58
USR-1157,6.52,44.08,"Comedy,Animation",16,0.4,0.62
USR-1158,8.44,53.31,"Animation,Comedy",15,0.43,0.72
USR-1159,8.64,39.06,"Family,Animation",17,0.26,0.88
USR-1160,13.13,34.45,"Family,Animation",18,0.52,0.66
USR-1161,6.34,28.25,"Comedy,Animation",22,0.47,0.58
USR-1162,9.17,37.93,Comedy,14,0.6,0.86
USR-1163,5.9,42.03,"Comedy,Family",15,0.53,0.67
USR-1164,13.35,34.61,Animation,24,0.37,0.47
USR-1165,12.45,46.97,"Animation,Family",16,0.45,0.73
USR-1166,8.78,35.83,"Comedy,Family",28,0.24,0.83
USR-1167,9.03,55.0,"Family,Comedy",15,0.43,0.81
USR-1168,10.17,42.53,"Family,Animation",22,0.5,0.77
USR-1169,19.81,38.43,Family,17,0.36,0.88
USR-1170,15.42,40.2,Comedy,23,0.58,0.86
USR-1171,8.62,38.77,"Family,Comedy",11,0.57,0.26
USR-1172,11.64,35.25,"Animation,Family",14,0.59,0.92
USR-1173,8.44,37.93,Animation,11,0.54,0.58
USR-1174,11.54,35.67,Family,20,0.17,0.55
USR-1175,16.35,31.87,Animation,21,0.23,0.52
USR-1176,12.06,41.93,Animation,24,0.34,0.92
USR-1177,11.02,43.63,Family,17,0.4,0.76
USR-1178,10.66,41.13,Animation,17,0.61,0.77
USR-1179,9.06,18.81,Comedy,18,0.45,0.63
USR-1180,13.76,21.29,"Comedy,Family",32,0.31,0.73
USR-1181,12.3,30.33,Family,17,0.4,0.75
USR-1182,8.95,38.61,Family,20,0.42,0.76
USR-1183,13.02,48.71,"Comedy,Family",9,0.51,0.6
USR-1184,11.12,31.77,"Family,Animation",16,0.54,0.47
USR-1185,12.29,40.91,Animation,16,0.51,0.8
USR-1186,6.5,43.76,"Animation,Comedy",10,0.29,0.88
USR-1187,5.84,33.88,Comedy,18,0.37,0.72
USR-1188,7.35,36.02,Comedy,26,0.1,0.99
USR-1189,6.33,24.48,Comedy,5,0.34,0.89
USR-1190,11.48,37.26,Animation,27,0.37,0.71
USR-1191,9.93,39.87,"Family,Comedy",20,0.68,0.73
USR-1192,11.12,53.19,"Comedy,Family",22,0.44,0.64
USR-1193,10.77,45.2,Comedy,18,0.24,0.56
USR-1194,11.46,24.85,"Family,Comedy",20,0.34,0.82
USR-1195,7.49,36.48,Comedy,18,0.4,0.54
USR-1196,8.51,26.18,Comedy,26,0.44,0.88
USR-1197,7.93,28.59,"Comedy,Animation",27,0.3,0.69
USR-1198,8.15,51.56,Animation,11,0.39,0.81
USR-1199,6.56,37.01,Animation,22,0.67,0.57
USR-1200,6.39,35.38,"Animation,Comedy",30,0.3,0.9
USR-1201,15.53,32.12,Animation,23,0.34,0.4
USR-1202,13.64,37.18,"Animation,Family",19,0.2,0.89
USR-1203,6.19,27.44,Animation,20,0.52,0.68
USR-1204,8.69,40.42,Comedy,10,0.26,0.46
USR-1205,12.58,49.63,"Comedy,Animation",22,0.18,0.85
USR-1206,12.58,33.71,"Animation,Family",12,0.31,0.84
USR-1207,13.77,40.26,"Family,Comedy",14,0.49,0.55
USR-1208,11.32,41.69,"Animation,Family",14,0.46,0.74
USR-1209,7.29,29.77,"Animation,Family",11,0.31,0.85
USR-1210,10.62,37.35,"Comedy,Animation",17,0.4,0.78
USR-1211,10.75,35.31,Comedy,26,0.43,0.6
USR-1212,9.15,32.18,Family,22,0.28,0.85
USR-1213,10.65,37.19,Family,8,0.37,0.5
USR-1214,11.41,38.01,"Animation,Family",17,0.33,0.62
USR-1215,10.67,39.71,"Animation,Family",4,0.44,0.69
USR-1216,8.12,39.78,"Animation,Comedy",11,0.54,0.35
USR-1217,8.81,31.79,"Comedy,Animation",18,0.36,0.56
USR-1218,9.59,33.28,"Comedy,Animation",18,0.45,0.83
USR-1219,13.35,25.61,"Family,Comedy",22,0.48,0.91
USR-1220,7.32,38.66,"Family,Comedy",7,0.51,0.76
USR-1221,10.41,34.78,Family,19,0.56,0.5
USR-1222,12.24,25.27,"Family,Comedy",23,0.4,0.74
USR-1223,10.86,29.19,Family,14,0.35,0.76
USR-1224,6.79,39.1,Comedy,24,0.43,0.68
USR-1225,13.93,28.15,"Animation,Family",17,0.51,0.86
USR-1226,14.14,37.94,Family,21,0.52,0.63
USR-1227,8.69,35.47,"Animation,Family",16,0.42,0.45
USR-1228,7.59,44.4,Comedy,14,0.27,0.38
USR-1229,14.27,37.32,"Comedy,Family",18,0.3,0.68
USR-1230,11.24,29.97,Animation,13,0.33,0.66
USR-1231,14.87,48.59,Family,13,0.42,0.78
USR-1232,4.11,28.2,"Comedy,Family",16,0.37,0.61
USR-1233,11.42,41.71,Comedy,21,0.36,0.7
USR-1234,5.52,27.31,"Comedy,Family",21,0.24,0.69
USR-1235,10.06,33.45,"Animation,Comedy",17,0.39,0.77
USR-1236,12.23,36.21,"Family,Animation",10,0.68,0.81
USR-1237,4.8,36.55,Animation,18,0.3,0.62
USR-1238,13.55,37.44,"Family,Animation",11,0.37,0.52
USR-1239,8.76,40.12,"Family,Animation",20,0.54,0.5
USR-1240,14.96,47.47,"Comedy,Family",31,0.23,0.48
USR-1241,9.14,30.26,"Animation,Comedy",16,0.29,0.83
USR-1242,12.36,32.79,"Family,Animation",16,0.22,0.84
USR-1243,8.84,53.91,"Comedy,Animation",16,0.36,0.61
USR-1244,10.83,53.59,Comedy,16,0.4,0.85
USR-1245,13.85,31.46,"Animation,Family",18,0.56,0.51
USR-1246,9.59,29.86,Animation,21,0.47,0.75
USR-1247,7.78,43.4,Family,24,0.47,0.62
USR-1248,7.62,33.39,Comedy,23,0.44,0.44
USR-1249,12.65,47.73,"Family,Animation",8,0.42,0.8
USR-1250,9.92,33.42,Family,20,0.42,0.7
USR-1251,9.04,36.99,Family,26,0.35,0.56
USR-1252,11.91,29.01,Family,19,0.29,0.51
USR-1253,7.29,22.44,Family,17,0.31,0.29
USR-1254,13.15,41.16,"Comedy,Animation",16,0.54,0.59
USR-1255,12.13,44.78,Family,21,0.25,0.69
USR-1256,6.43,39.27,"Animation,Family",17,0.31,0.53
USR-1257,11.1,44.04,Animation,20,0.48,0.68
USR-1258,9.4,30.21,"Family,Comedy",18,0.27,0.62
USR-1259,7.13,40.55,"Comedy,Family",26,0.28,0.54
USR-1260,10.72,45.78,"Comedy,Animation",18,0.4,0.87
USR-1261,13.03,33.46,"Comedy,Animation",18,0.59,0.7
USR-1262,9.74,33.96,"Family,Comedy",10,0.51,0.64
USR-1263,9.96,55.0,"Comedy,Animation",6,0.28,0.63
USR-1264,7.87,32.31,"Family,Animation",15,0.29,0.48
USR-1265,7.07,39.75,"Comedy,Family",28,0.18,0.71
USR-1266,7.14,41.52,Family,16,0.35,0.66
USR-1267,14.57,30.44,"Animation,Comedy",28,0.27,0.65
USR-1268,14.74,35.44,Animation,20,0.29,0.83
USR-1269,7.91,38.54,Animation,26,0.43,0.53
USR-1270,12.29,37.9,"Family,Comedy",19,0.43,0.76
USR-1271,7.17,30.12,"Comedy,Animation",13,0.34,0.78
USR-1272,12.14,34.33,"Family,Comedy",16,0.31,0.74
USR-1273,7.07,50.1,"Family,Comedy",17,0.55,0.66
USR-1274,10.91,38.61,"Comedy,Animation",14,0.46,0.5
USR-1275,9.83,31.84,"Animation,Family",12,0.32,0.73
USR-1276,11.04,38.45,Animation,20,0.45,0.61
USR-1277,12.52,49.3,Comedy,11,0.33,0.51
USR-1278,9.59,45.15,Animation,16,0.35,0.64
USR-1279,12.12,42.19,"Animation,Family",23,0.65,0.74
USR-1280,17.2,30.56,"Family,Comedy",28,0.29,0.66
USR-1281,4.84,33.93,Animation,21,0.29,0.55
USR-1282,10.95,27.61,"Animation,Comedy",11,0.39,0.62
USR-1283,10.71,44.13,Animation,26,0.39,0.57
USR-1284,10.58,32.37,"Family,Comedy",19,0.35,0.52
USR-1285,9.45,33.51,Comedy,26,0.49,0.66
USR-1286,5.69,34.28,Comedy,13,0.29,0.51
USR-1287,11.56,35.86,"Comedy,Animation",17,0.38,0.58
USR-1288,3.88,34.46,"Family,Comedy",7,0.25,0.26
USR-1289,13.39,52.55,Family,16,0.31,0.7
USR-1290,14.52,22.87,"Animation,Family",18,0.33,0.78
USR-1291,10.9,45.31,Animation,17,0.53,0.59
USR-1292,8.54,26.36,"Animation,Family",8,0.5,0.48
USR-1293,13.66,29.15,"Family,Comedy",18,0.33,0.54
USR-1294,11.53,30.17,"Animation,Family",6,0.54,0.98
USR-1295,9.88,42.01,Animation,18,0.45,0.49
USR-1296,14.73,35.31,"Comedy,Animation",18,0.45,0.49
USR-1297,11.13,47.81,Comedy,20,0.51,0.28
USR-1298,15.17,34.7,Family,14,0.16,0.76
USR-1299,13.07,45.01,"Family,Animation",16,0.53,0.66
USR-1300,8.09,37.84,"Comedy,Family",23,0.43,0.69
USR-1301,10.1,41.68,"Comedy,Animation",17,0.36,0.86
USR-1302,19.76,39.14,Animation,12,0.38,0.71
USR-1303,3.45,38.34,Animation,17,0.31,0.82
USR-1304,6.95,24.6,"Family,Comedy",24,0.4,0.71
USR-1305,5.2,25.84,"Animation,Comedy",8,0.36,0.64
USR-1306,11.19,37.68,"Animation,Family",22,0.42,0.53
USR-1307,10.45,38.78,Family,21,0.46,0.38
USR-1308,8.87,30.49,Family,14,0.27,0.76
USR-1309,11.01,44.82,Comedy,15,0.47,0.76
USR-1310,13.07,28.66,"Family,Comedy",11,0.35,0.46
USR-1311,10.41,32.03,"Family,Comedy",19,0.28,0.4
USR-1312,13.93,32.18,"Animation,Comedy",17,0.43,0.6
USR-1313,12.36,33.41,"Family,Comedy",18,0.48,0.68
USR-1314,9.46,22.53,"Family,Comedy",17,0.48,0.54
USR-1315,11.22,19.06,Comedy,20,0.44,0.32
USR-1316,5.36,46.62,Animation,26,0.38,0.63
USR-1317,9.92,43.94,Family,14,0.27,0.78
USR-1318,12.87,36.55,"Family,Comedy",23,0.54,0.57
USR-1319,7.82,31.21,Family,24,0.23,0.68
USR-1320,10.94,31.67,Family,19,0.38,0.54
USR-1321,8.47,34.99,Comedy,8,0.43,0.65
USR-1322,8.05,40.61,"Comedy,Family",22,0.52,0.84
USR-1323,11.78,33.63,Comedy,15,0.32,0.66
USR-1324,9.47,37.2,"Animation,Family",24,0.2,0.83
USR-1325,7.94,38.35,Animation,17,0.53,0.68
USR-1326,14.37,38.98,"Comedy,Family",29,0.27,0.5
USR-1327,7.48,37.17,Comedy,17,0.19,0.55
USR-1328,9.27,32.33,"Animation,Family",18,0.48,0.79
USR-1329,13.15,37.46,"Comedy,Family",13,0.54,0.61
USR-1330,8.17,41.1,"Family,Comedy",15,0.39,0.75
USR-1331,12.31,34.81,Animation,17,0.64,0.89
USR-1332,6.52,39.66,Animation,13,0.32,0.59
USR-1333,11.69,37.1,Family,21,0.54,0.63
USR-1334,9.15,36.0,Animation,21,0.43,0.52
USR-1335,9.64,38.29,Family,16,0.46,0.59
USR-1336,16.81,34.09,Animation,19,0.39,0.58
USR-1337,10.91,33.62,"Family,Comedy",16,0.47,0.57
USR-1338,10.01,36.29,"Animation,Comedy",12,0.27,0.77
USR-1339,11.03,36.58,Animation,21,0.11,0.64
USR-1340,10.55,39.77,"Comedy,Family",17,0.37,0.88
USR-1341,7.9,30.97,"Comedy,Family",21,0.47,0.6
USR-1342,8.78,36.71,"Family,Animation",25,0.61,0.93
USR-1343,12.27,49.94,"Animation,Comedy",21,0.48,0.31
USR-1344,7.69,33.23,Family,17,0.33,1.0
USR-1345,11.02,32.9,"Comedy,Family",18,0.43,0.46
USR-1346,8.65,33.37,"Family,Animation",16,0.26,0.51
USR-1347,10.56,38.64,"Animation,Comedy",12,0.5,0.75
USR-1348,9.79,34.16,Animation,8,0.53,0.82
USR-1349,10.49,41.41,Comedy,9,0.42,0.95
USR-1350,10.52,34.67,"Comedy,Family",16,0.24,0.68
USR-1351,17.37,25.1,"Family,Animation",20,0.44,0.66
USR-1352,11.5,33.03,Animation,9,0.3,0.85
USR-1353,7.99,47.08,"Comedy,Family",14,0.46,0.92
USR-1354,9.93,41.04,Animation,11,0.44,0.81
USR-1355,11.89,39.83,"Family,Comedy",11,0.47,0.78
USR-1356,9.14,32.71,Animation,19,0.51,0.62
USR-1357,10.48,40.31,Animation,11,0.21,0.69
USR-1358,10.95,36.7,"Family,Animation",20,0.18,0.89
USR-1359,8.09,41.22,Family,15,0.48,0.67
USR-1360,12.25,49.84,Family,10,0.29,0.45
USR-1361,9.93,42.45,"Comedy,Animation",18,0.52,0.55
USR-1362,8.12,41.22,"Family,Comedy",9,0.23,0.51
USR-1363,10.17,43.24,Comedy,14,0.55,0.66
USR-1364,14.43,31.77,"Animation,Comedy",17,0.48,0.27
USR-1365,8.31,28.84,Comedy,24,0.5,0.61
USR-1366,13.9,28.56,Animation,12,0.34,0.48
USR-1367,14.88,23.96,Animation,27,0.45,0.72
USR-1368,8.79,39.98,"Family,Comedy",18,0.46,0.63
USR-1369,7.73,38.31,Family,27,0.77,0.74
USR-1370,9.95,39.74,"Animation,Comedy",22,0.37,0.68
USR-1371,9.89,35.52,Animation,11,0.25,0.81
USR-1372,13.31,40.44,Animation,18,0.55,0.2
USR-1373,12.88,34.46,Animation,10,0.36,0.78
USR-1374,12.23,39.5,Animation,18,0.38,0.36
USR-1375,11.76,33.88,Comedy,10,0.52,0.65
USR-1376,14.56,34.56,Comedy,15,0.41,0.55
USR-1377,7.49,28.29,Family,24,0.3,0.55
USR-1378,10.05,31.07,"Animation,Family",22,0.34,0.68
USR-1379,8.99,27.25,Family,23,0.57,0.6
USR-1380,6.52,33.11,Family,19,0.44,0.64
USR-1381,10.6,30.69,Comedy,19,0.4,0.45
USR-1382,11.22,26.57,Animation,19,0.45,1.0
USR-1383,12.73,45.55,"Comedy,Family",18,0.45,0.64
USR-1384,11.06,37.38,"Animation,Comedy",13,0.65,0.77
USR-1385,7.79,46.19,Family,22,0.58,0.48
USR-1386,7.75,43.12,Comedy,19,0.66,0.5
USR-1387,6.17,46.01,Animation,21,0.38,0.76
USR-1388,10.7,41.06,"Comedy,Family",13,0.3,0.63
USR-1389,11.45,37.33,"Animation,Comedy",18,0.56,0.69
USR-1390,5.93,44.54,Animation,23,0.28,0.37
USR-1391,11.88,26.55,"Comedy,Family",20,0.46,0.66
USR-1392,12.73,39.38,Comedy,11,0.35,0.87
USR-1393,12.29,31.9,Family,22,0.37,0.82
USR-1394,12.42,50.99,Comedy,14,0.4,0.84
USR-1395,7.04,36.8,Comedy,25,0.4,0.46
USR-1396,11.78,24.35,Comedy,26,0.34,0.87
USR-1397,6.73,41.69,"Family,Animation",25,0.41,0.77
USR-1398,12.14,45.52,Comedy,16,0.21,0.7
USR-1399,9.69,37.09,"Animation,Family",20,0.37,0.63
USR-1400,11.48,36.6,Animation,6,0.37,0.52
USR-1401,11.03,55.0,"Family,Animation",19,0.43,0.57
USR-1402,4.28,34.51,Animation,17,0.28,0.73
USR-1403,7.39,41.21,Animation,21,0.45,0.87
USR-1404,10.98,38.62,"Family,Animation",8,0.31,0.46
USR-1405,9.85,33.84,Comedy,13,0.34,0.53
USR-1406,7.8,44.39,"Animation,Comedy",14,0.58,0.57
USR-1407,11.64,41.54,"Comedy,Animation",18,0.24,0.8
USR-1408,9.78,39.84,Animation,29,0.36,0.53
USR-1409,11.8,30.36,Animation,21,0.53,0.73
USR-1410,14.5,38.93,Animation,22,0.58,0.8
USR-1411,11.34,48.31,Animation,16,0.44,0.59
USR-1412,8.48,43.31,Family,33,0.39,0.8
USR-1413,9.95,31.11,"Family,Comedy",13,0.32,0.65
USR-1414,8.74,40.0,Animation,14,0.38,0.55
USR-1415,9.62,45.42,"Animation,Family",17,0.33,0.67
USR-1416,9.65,46.82,"Comedy,Animation",22,0.51,0.84
USR-1417,12.45,28.04,Family,14,0.43,0.4
USR-1418,15.96,44.45,"Comedy,Animation",31,0.26,0.66
USR-1419,13.72,46.68,Animation,11,0.56,0.49
USR-1420,9.44,40.47,Comedy,10,0.42,0.82
USR-1421,8.12,43.43,Animation,13,0.32,0.49
USR-1422,8.15,33.41,"Comedy,Family",10,0.45,0.89
USR-1423,7.38,37.68,Family,23,0.47,0.79
USR-1424,7.2,36.69,"Animation,Family",17,0.56,0.67
USR-1425,5.21,33.94,Comedy,17,0.56,0.76
USR-1426,12.95,33.13,Comedy,15,0.44,0.42
USR-1427,10.79,34.16,"Family,Animation",18,0.23,0.58
USR-1428,15.4,31.31,"Animation,Comedy",19,0.32,0.67
USR-1429,13.98,30.32,"Family,Animation",17,0.38,0.39
USR-1430,12.42,37.21,Animation,17,0.44,0.86
USR-1431,13.75,26.81,Comedy,12,0.53,0.66
USR-1432,7.17,23.74,Family,10,0.61,0.58
USR-1433,6.44,32.13,Comedy,10,0.23,0.88
USR-1434,14.55,18.38,"Family,Comedy",11,0.48,0.64
USR-1435,12.46,36.04,Family,12,0.58,0.94
USR-1436,10.51,43.08,"Family,Comedy",24,0.49,0.74
USR-1437,6.49,33.28,"Comedy,Family",22,0.46,0.73
USR-1438,14.49,41.93,"Comedy,Family",20,0.28,1.0
USR-1439,7.19,33.81,Family,14,0.43,0.59
USR-1440,11.25,47.4,Comedy,21,0.42,0.76
USR-1441,12.93,28.45,Comedy,21,0.3,0.78
USR-1442,8.61,37.77,Family,22,0.36,0.52
USR-1443,4.45,27.24,Comedy,20,0.18,0.59
USR-1444,14.6,35.33,"Comedy,Family",11,0.2,0.58
USR-1445,8.66,43.36,"Family,Animation",10,0.24,0.78
USR-1446,15.0,35.47,"Comedy,Family",11,0.23,0.77
USR-1447,7.96,35.83,Animation,25,0.31,0.52
USR-1448,6.35,32.22,"Comedy,Animation",12,0.46,0.71
USR-1449,11.68,22.51,Animation,18,0.36,0.97
USR-1450,9.32,48.9,"Animation,Comedy",20,0.37,0.81
USR-1451,8.92,22.25,Comedy,19,0.25,0.6
USR-1452,18.55,27.37,Animation,21,0.29,0.71
USR-1453,6.63,38.04,"Comedy,Animation",5,0.37,0.68
USR-1454,12.99,46.93,"Family,Animation",28,0.55,0.57
USR-1455,8.35,34.39,Animation,8,0.5,0.67
USR-1456,5.49,53.71,"Animation,Family",21,0.44,0.71
USR-1457,14.56,40.82,"Animation,Family",14,0.37,0.77
USR-1458,10.42,31.41,Animation,14,0.5,0.88
USR-1459,10.74,47.28,"Animation,Comedy",15,0.57,0.59
USR-1460,11.65,36.99,"Animation,Comedy",7,0.58,0.62
USR-1461,11.42,29.63,"Animation,Family",23,0.37,0.42
USR-1462,9.6,37.74,"Comedy,Animation",13,0.51,0.88
USR-1463,16.24,42.05,Family,19,0.43,0.62
USR-1464,12.4,43.85,Comedy,13,0.31,0.76
USR-1465,9.92,35.55,Family,18,0.35,0.9
USR-1466,13.73,31.74,"Animation,Comedy",13,0.44,0.73
USR-1467,7.61,29.13,"Family,Animation",20,0.63,0.53
USR-1468,4.69,31.35,"Comedy,Animation",22,0.3,0.46
USR-1469,9.09,27.92,"Comedy,Family",15,0.32,0.5
USR-1470,13.32,31.49,Family,8,0.38,0.41
USR-1471,14.12,41.44,"Family,Comedy",13,0.61,0.79
USR-1472,9.79,43.95,Family,12,0.42,0.66
USR-1473,13.56,38.04,"Family,Comedy",19,0.61,0.64
USR-1474,4.95,41.46,"Animation,Family",9,0.18,0.86
USR-1475,9.27,35.08,"Animation,Comedy",20,0.42,0.69
USR-1476,14.32,41.13,"Family,Comedy",19,0.5,0.54
USR-1477,8.31,34.26,"Animation,Family",18,0.32,0.71
USR-1478,16.74,23.79,Family,20,0.56,0.6
USR-1479,8.78,33.06,Family,10,0.42,0.65
USR-1480,11.09,38.91,"Animation,Family",14,0.39,0.85
USR-1481,6.64,26.22,Animation,12,0.42,0.58
USR-1482,13.62,36.93,"Comedy,Animation",22,0.46,0.72
USR-1483,8.12,20.35,Comedy,19,0.63,0.65
USR-1484,8.96,27.97,"Comedy,Family",16,0.46,0.62
USR-1485,9.18,39.85,"Animation,Comedy",21,0.42,0.56
USR-1486,11.17,41.0,"Comedy,Family",7,0.39,0.61
USR-1487,13.24,35.01,"Animation,Family",12,0.19,0.82
USR-1488,14.36,34.84,"Comedy,Animation",14,0.26,0.61
USR-1489,10.96,43.13,"Animation,Comedy",13,0.27,0.31
USR-1490,8.51,27.95,"Comedy,Family",13,0.64,0.7
USR-1491,15.38,32.48,Family,19,0.36,0.22
USR-1492,10.56,38.14,Family,9,0.18,0.76
USR-1493,10.22,38.94,Animation,19,0.44,0.49
USR-1494,9.98,46.42,Comedy,10,0.41,0.6
USR-1495,14.35,43.61,Animation,17,0.51,0.78
USR-1496,10.48,32.82,"Animation,Comedy",19,0.48,0.78
USR-1497,7.28,44.98,Animation,23,0.6,0.58
USR-1498,8.66,39.44,"Family,Animation",16,0.38,0.65
USR-1499,11.8,40.7,"Family,Comedy",14,0.52,0.66
USR-1500,8.99,38.41,"Family,Comedy",17,0.69,0.85
USR-1501,8.82,38.68,Family,17,0.33,0.71
USR-1502,11.91,31.05,Family,14,0.39,0.52
USR-1503,13.03,33.42,"Comedy,Animation",24,0.25,0.7
USR-1504,12.06,35.15,Comedy,26,0.43,0.47
USR-1505,12.33,41.0,"Family,Animation",13,0.55,0.5
USR-1506,9.77,38.7,"Animation,Family",16,0.29,0.74
USR-1507,6.55,41.43,"Comedy,Animation",22,0.44,0.58
USR-1508,11.57,29.32,Comedy,18,0.3,0.66
USR-1509,10.34,32.74,Comedy,22,0.62,0.59
USR-1510,12.64,51.97,"Comedy,Family",14,0.58,0.82
USR-1511,17.18,36.08,Animation,22,0.47,0.87
USR-1512,11.39,40.64,"Comedy,Family",14,0.31,0.65
USR-1513,8.94,34.1,Animation,23,0.26,0.9
USR-1514,15.07,41.15,"Comedy,Family",26,0.31,0.76
USR-1515,7.35,41.3,Family,19,0.28,0.52
USR-1516,14.25,41.46,"Family,Animation",17,0.41,0.6
USR-1517,11.8,38.72,Family,23,0.51,0.99
USR-1518,10.12,33.06,Family,24,0.49,0.33
USR-1519,11.63,38.18,"Comedy,Family",10,0.5,0.71
USR-1520,13.81,25.23,Comedy,20,0.48,0.48
USR-1521,14.14,48.14,Comedy,21,0.43,0.68
USR-1522,9.78,35.48,"Family,Comedy",21,0.37,0.52
USR-1523,13.14,41.05,Animation,12,0.42,0.67
USR-1524,13.27,32.89,"Animation,Family",23,0.23,0.56
USR-1525,9.65,31.67,Animation,17,0.43,0.81
USR-1526,10.77,32.07,Animation,23,0.54,0.64
USR-1527,15.47,41.5,Comedy,19,0.28,0.82
USR-1528,13.68,39.72,"Comedy,Animation",19,0.41,0.62
USR-1529,13.87,41.11,"Animation,Comedy",14,0.48,0.69
USR-1530,5.99,23.35,Animation,18,0.3,0.66
USR-1531,14.04,51.95,"Comedy,Animation",19,0.38,0.39
USR-1532,11.04,47.01,Comedy,9,0.59,0.74
USR-1533,14.7,26.61,Family,20,0.62,0.76
USR-1534,9.77,28.82,"Comedy,Animation",24,0.37,0.89
USR-1535,12.54,35.04,Animation,21,0.19,0.81
USR-1536,8.94,30.36,"Family,Comedy",17,0.15,0.55
USR-1537,7.72,34.32,"Animation,Family",13,0.67,0.5
USR-1538,3.77,47.07,Family,15,0.39,0.47
USR-1539,14.85,48.65,"Comedy,Animation",13,0.34,0.62
USR-1540,10.73,46.5,"Animation,Family",22,0.52,0.69
USR-1541,4.96,42.44,Comedy,18,0.3,0.62
USR-1542,12.91,30.6,Animation,15,0.56,0.42
USR-1543,4.53,37.82,"Animation,Comedy",29,0.35,0.72
USR-1544,12.21,37.37,Comedy,17,0.59,0.41
USR-1545,10.07,45.85,"Comedy,Animation",18,0.46,0.86
USR-1546,10.25,31.87,"Animation,Family",22,0.36,0.66
USR-1547,9.97,26.51,"Family,Animation",14,0.39,0.71
USR-1548,11.75,23.57,Comedy,23,0.45,0.82
USR-1549,11.9,45.42,Comedy,17,0.41,0.61
USR-1550,10.38,33.14,"Animation,Family",17,0.32,0.79
USR-1551,10.97,44.63,"Animation,Comedy",11,0.37,0.57
USR-1552,8.86,32.23,Family,17,0.3,0.56
USR-1553,9.81,35.92,Family,26,0.63,0.67
USR-1554,13.57,37.23,Family,11,0.35,0.62
USR-1555,10.23,35.43,"Comedy,Family",13,0.46,0.67
USR-1556,9.4,42.79,Family,11,0.27,0.92
USR-1557,2.58,33.74,"Family,Animation",18,0.46,0.51
USR-1558,13.9,26.24,Comedy,15,0.47,0.81
USR-1559,6.29,54.52,Animation,13,0.24,0.73
USR-1560,9.46,32.53,Animation,20,0.48,0.87
USR-1561,8.69,41.78,"Animation,Comedy",20,0.46,0.53
USR-1562,11.77,44.96,Family,6,0.32,0.67
USR-1563,14.35,40.43,Comedy,24,0.26,0.26
USR-1564,8.94,44.0,Animation,9,0.27,0.74
USR-1565,7.31,31.0,"Animation,Comedy",17,0.38,0.7
USR-1566,14.85,42.16,Animation,12,0.41,0.44
USR-1567,9.99,28.56,"Family,Animation",27,0.22,0.37
USR-1568,10.86,35.99,Family,16,0.37,0.56
USR-1569,8.49,36.79,Comedy,7,0.54,0.79
USR-1570,10.65,37.6,Family,23,0.36,0.85
USR-1571,11.46,37.36,Family,16,0.35,0.57
USR-1572,14.32,50.08,Comedy,11,0.31,0.68
USR-1573,6.03,36.66,"Animation,Family",10,0.58,0.59
USR-1574,12.86,28.79,Animation,13,0.39,0.8
USR-1575,16.21,41.28,"Animation,Family",16,0.36,0.44
USR-1576,13.75,23.31,"Family,Animation",12,0.64,0.67
USR-1577,11.03,40.46,"Animation,Comedy",17,0.45,0.75
USR-1578,12.7,29.1,"Animation,Family",16,0.63,0.49
USR-1579,8.06,45.69,Family,24,0.49,0.57
USR-1580,6.25,30.17,"Family,Animation",14,0.32,0.81
USR-1581,8.85,38.86,Comedy,10,0.26,0.65
USR-1582,8.31,33.96,"Comedy,Animation",15,0.49,0.66
USR-1583,11.44,38.85,"Family,Animation",19,0.42,0.48
USR-1584,14.19,51.54,"Animation,Comedy",18,0.35,0.62
USR-1585,8.0,35.24,"Comedy,Animation",22,0.32,0.54
USR-1586,11.03,44.86,Family,25,0.41,0.63
USR-1587,14.08,35.41,"Animation,Comedy",20,0.52,0.47
USR-1588,15.58,23.82,Comedy,21,0.45,0.71
USR-1589,8.72,38.2,"Family,Comedy",20,0.43,0.59
USR-1590,8.13,38.2,"Comedy,Family",12,0.53,0.87
USR-1591,7.75,30.14,Animation,17,0.42,0.46
USR-1592,10.82,35.01,Comedy,11,0.26,0.65
USR-1593,11.14,32.07,"Family,Comedy",5,0.3,0.71
USR-1594,13.13,33.06,Comedy,14,0.16,0.67
USR-1595,12.88,35.15,"Animation,Comedy",14,0.72,0.75
USR-1596,19.15,41.79,Family,15,0.42,0.61
USR-1597,10.14,41.18,"Family,Animation",18,0.37,0.5
USR-1598,12.83,37.98,"Family,Comedy",18,0.3,0.79
USR-1599,8.39,37.47,"Animation,Family",27,0.33,0.82
USR-1600,10.58,34.51,Comedy,25,0.48,0.37
USR-1601,43.91,80.9,"Sci-Fi,Action",35,0.73,0.92
USR-1602,34.41,98.02,"Sci-Fi,Thriller",40,0.44,0.77
USR-1603,26.49,92.72,Action,48,0.54,0.91
USR-1604,43.16,100.25,"Sci-Fi,Action",46,0.68,0.9
USR-1605,39.52,92.45,Thriller,49,0.48,0.77
USR-1606,38.55,85.97,Action,47,0.5,0.83
USR-1607,38.06,100.59,Thriller,43,0.58,0.75
USR-1608,31.4,74.11,"Action,Thriller",28,0.43,0.9
USR-1609,38.23,68.31,"Action,Sci-Fi",62,0.42,0.83
USR-1610,31.86,81.67,Thriller,51,0.53,0.89
USR-1611,41.62,86.66,Sci-Fi,45,0.73,0.81
USR-1612,53.17,103.7,Thriller,43,0.72,0.9
USR-1613,36.68,82.72,"Sci-Fi,Action",56,0.61,0.9
USR-1614,50.14,83.66,Thriller,29,0.69,0.71
USR-1615,48.46,96.28,Sci-Fi,36,0.64,0.63
USR-1616,24.0,91.33,Thriller,21,0.39,0.96
USR-1617,38.93,82.22,Sci-Fi,47,0.35,0.87
USR-1618,28.7,93.66,"Sci-Fi,Thriller",40,0.5,0.78
USR-1619,40.08,104.54,Sci-Fi,35,0.7,0.72
USR-1620,40.79,88.01,"Thriller,Action",43,0.53,0.82
USR-1621,28.21,87.96,Action,43,0.66,0.88
USR-1622,37.34,82.24,"Sci-Fi,Thriller",16,0.3,0.9
USR-1623,26.33,81.39,Thriller,41,0.69,0.99
USR-1624,42.62,92.29,"Thriller,Sci-Fi",48,0.74,0.67
USR-1625,52.68,81.22,"Thriller,Action",41,0.52,0.81
USR-1626,54.41,87.24,Sci-Fi,41,0.54,0.9
USR-1627,44.17,87.41,"Thriller,Sci-Fi",60,0.69,0.86
USR-1628,51.58,81.72,"Thriller,Sci-Fi",43,0.66,0.73
USR-1629,39.18,100.15,"Action,Thriller",60,0.64,0.66
USR-1630,43.62,82.29,"Action,Sci-Fi",46,0.69,0.8
USR-1631,27.3,103.06,Action,49,0.5,0.83
USR-1632,33.61,76.43,Sci-Fi,54,0.59,1.0
USR-1633,30.41,93.21,Sci-Fi,51,0.62,0.89
USR-1634,39.27,79.21,Action,55,0.56,0.93
USR-1635,34.05,91.63,"Thriller,Action",38,0.55,0.9
USR-1636,32.42,93.66,"Thriller,Sci-Fi",48,0.56,0.86
USR-1637,29.72,91.8,Thriller,29,0.46,0.89
USR-1638,33.7,82.09,"Sci-Fi,Thriller",52,0.82,0.77
USR-1639,27.02,83.29,Action,24,0.55,0.64
USR-1640,35.92,104.43,"Action,Thriller",48,0.38,0.98
USR-1641,34.31,79.68,Thriller,52,0.66,0.97
USR-1642,37.03,84.78,Action,39,0.55,0.89
USR-1643,35.13,101.21,"Sci-Fi,Action",56,0.52,0.8
USR-1644,27.73,87.39,"Sci-Fi,Thriller",39,0.37,0.98
USR-1645,43.8,90.72,Sci-Fi,60,0.66,0.94
USR-1646,28.79,76.49,Action,16,0.42,0.83
USR-1647,39.19,75.31,"Action,Sci-Fi",37,0.38,0.87
USR-1648,45.44,78.6,Sci-Fi,45,0.61,0.93
USR-1649,35.3,97.44,Action,40,0.61,0.71
USR-1650,39.08,78.25,"Sci-Fi,Action",54,0.66,0.96
USR-1651,32.06,82.24,Sci-Fi,51,0.41,0.69
USR-1652,35.88,99.69,Thriller,43,0.64,0.78
USR-1653,48.91,68.88,Sci-Fi,19,0.57,0.98
USR-1654,47.74,85.68,Action,31,0.53,0.76
USR-1655,29.88,93.64,Sci-Fi,37,0.4,0.71
USR-1656,34.36,77.94,"Thriller,Sci-Fi",27,0.69,0.89
USR-1657,39.91,104.65,Action,39,0.75,0.74
USR-1658,51.76,79.59,"Sci-Fi,Thriller",52,0.37,0.84
USR-1659,30.47,71.18,Action,61,0.69,1.0
USR-1660,33.57,89.36,"Sci-Fi,Thriller",18,0.59,0.81
USR-1661,48.8,88.53,"Thriller,Action",53,0.55,0.91
USR-1662,48.65,91.81,"Action,Sci-Fi",48,0.78,0.83
USR-1663,43.14,92.11,"Action,Thriller",45,0.45,0.95
USR-1664,36.59,93.27,Thriller,40,0.55,0.9
USR-1665,36.25,69.64,Action,33,0.61,1.0
USR-1666,38.73,99.42,Action,40,0.36,0.84
USR-1667,37.36,97.76,"Action,Thriller",46,0.81,0.98
USR-1668,42.25,94.75,Thriller,43,0.61,0.88
USR-1669,46.35,65.0,"Sci-Fi,Action",55,0.33,0.55
USR-1670,41.71,90.44,"Thriller,Sci-Fi",34,0.63,0.94
USR-1671,46.01,91.37,Sci-Fi,42,0.39,0.68
USR-1672,38.48,82.19,Action,42,0.53,0.89
USR-1673,43.51,89.47,Sci-Fi,46,0.61,1.0
USR-1674,46.09,88.31,"Thriller,Action",40,0.61,0.82
USR-1675,37.5,86.52,"Sci-Fi,Action",47,0.55,0.69
USR-1676,46.81,81.89,Thriller,50,0.54,0.83
USR-1677,47.37,88.67,Thriller,45,0.33,0.87
USR-1678,52.28,92.93,Sci-Fi,44,0.58,0.74
USR-1679,39.52,98.35,"Sci-Fi,Action",35,0.51,0.9
USR-1680,27.79,81.51,Action,48,0.44,0.73
USR-1681,25.73,82.04,Action,39,0.5,0.81
USR-1682,36.41,85.27,Thriller,47,0.27,0.84
USR-1683,34.11,78.33,"Action,Thriller",46,0.76,0.97
USR-1684,41.85,84.46,Action,55,0.57,0.78
USR-1685,32.64,94.83,"Action,Thriller",41,0.73,0.89
USR-1686,36.89,80.44,Sci-Fi,48,0.45,0.77
USR-1687,31.55,97.34,Sci-Fi,35,0.65,0.72
USR-1688,27.61,81.7,"Sci-Fi,Action",52,0.56,0.68
USR-1689,41.22,91.83,"Thriller,Sci-Fi",34,0.62,0.91
USR-1690,29.71,81.82,Action,39,0.68,0.79
USR-1691,34.97,70.12,"Sci-Fi,Thriller",46,0.42,0.61
USR-1692,49.7,74.9,"Thriller,Sci-Fi",25,0.26,0.82
USR-1693,44.12,89.92,"Action,Sci-Fi",40,0.79,0.85
USR-1694,35.11,92.06,Sci-Fi,43,0.52,0.68
USR-1695,40.63,95.16,Action,51,0.51,0.75
USR-1696,51.15,87.99,Sci-Fi,39,0.46,0.93
USR-1697,37.98,99.16,"Sci-Fi,Action",49,0.44,0.8
USR-1698,40.85,88.79,Thriller,55,0.67,0.89
USR-1699,40.77,99.08,Action,32,0.63,0.94
USR-1700,37.18,84.96,"Sci-Fi,Action",35,0.62,0.93
USR-1701,40.11,82.67,Sci-Fi,42,0.38,1.0
USR-1702,36.82,104.57,"Sci-Fi,Action",56,0.66,0.9
USR-1703,46.65,101.21,Thriller,53,0.44,0.9
USR-1704,47.72,86.36,"Sci-Fi,Thriller",43,0.59,0.87
USR-1705,47.62,86.11,Action,47,0.28,0.81
USR-1706,24.0,101.7,Action,34,0.5,0.84
USR-1707,46.37,75.9,"Sci-Fi,Thriller",55,0.59,0.84
USR-1708,44.29,79.97,"Action,Thriller",44,0.94,0.85
USR-1709,33.23,67.8,Sci-Fi,52,0.36,1.0
USR-1710,40.12,92.6,Action,67,0.62,1.0
USR-1711,34.78,83.02,"Sci-Fi,Thriller",43,0.63,0.86
USR-1712,31.08,86.34,Thriller,42,0.7,0.68
USR-1713,42.86,101.99,"Thriller,Action",34,0.64,0.76
USR-1714,35.77,91.83,Thriller,36,0.55,0.77
USR-1715,29.6,76.18,"Sci-Fi,Thriller",57,0.63,0.93
USR-1716,41.34,83.39,Thriller,52,0.48,0.84
USR-1717,42.26,94.9,"Action,Sci-Fi",53,0.55,0.8
USR-1718,35.57,88.04,"Thriller,Action",61,0.61,0.82
USR-1719,25.79,97.31,Action,39,0.29,0.87
USR-1720,37.71,77.69,"Sci-Fi,Action",34,0.53,0.98
USR-1721,41.6,84.48,Sci-Fi,51,0.59,0.92
USR-1722,37.55,76.13,"Action,Thriller",55,0.48,0.95
USR-1723,41.47,114.92,Thriller,33,0.63,0.98
USR-1724,29.8,107.73,"Thriller,Action",49,0.69,0.84
USR-1725,45.92,90.55,"Thriller,Sci-Fi",64,0.5,0.8
USR-1726,35.73,84.66,Thriller,50,0.52,0.93
USR-1727,31.24,107.45,Thriller,48,0.63,0.84
USR-1728,37.63,92.11,Action,42,0.36,0.74
USR-1729,42.21,98.45,"Action,Sci-Fi",47,0.51,0.92
USR-1730,30.09,104.29,"Sci-Fi,Action",28,0.66,0.87
USR-1731,49.25,79.65,"Sci-Fi,Thriller",59,0.55,0.79
USR-1732,36.06,96.09,Sci-Fi,39,0.52,0.77
USR-1733,41.09,65.0,Thriller,41,0.53,0.92
USR-1734,38.89,100.28,"Action,Sci-Fi",44,0.57,0.85
USR-1735,46.44,80.85,"Thriller,Action",50,0.25,0.85
USR-1736,39.03,85.22,Sci-Fi,57,0.52,0.94
USR-1737,48.63,101.12,"Sci-Fi,Action",41,0.56,0.72
USR-1738,43.61,67.85,Action,38,0.64,0.76
USR-1739,30.03,100.86,"Thriller,Action",46,0.62,0.95
USR-1740,24.0,94.35,"Thriller,Sci-Fi",37,0.78,0.81
USR-1741,42.37,82.27,"Sci-Fi,Thriller",55,0.61,0.7
USR-1742,34.49,91.86,Thriller,53,0.51,0.86
USR-1743,39.68,93.28,Action,72,0.47,1.0
USR-1744,35.46,85.66,"Thriller,Sci-Fi",71,0.45,0.77
USR-1745,37.09,100.64,"Action,Thriller",52,0.85,0.82
USR-1746,31.88,90.46,Sci-Fi,36,0.51,0.84
USR-1747,45.59,86.95,"Action,Thriller",50,0.2,0.73
USR-1748,44.22,78.76,Sci-Fi,47,0.52,0.67
USR-1749,32.31,86.09,Sci-Fi,59,0.45,0.75
USR-1750,42.32,80.04,"Action,Thriller",35,0.52,0.91
USR-1751,40.02,81.92,Action,42,0.59,0.89
USR-1752,34.69,83.16,Action,46,0.59,0.93
USR-1753,37.5,88.74,Thriller,38,0.63,0.89
USR-1754,40.32,88.81,Thriller,44,0.6,0.84
USR-1755,33.59,72.67,Thriller,52,0.57,0.95
USR-1756,41.37,88.26,Thriller,41,0.58,0.8
USR-1757,48.35,88.19,"Thriller,Sci-Fi",46,0.73,0.81
USR-1758,40.92,80.48,Sci-Fi,46,0.33,0.91
USR-1759,42.01,89.73,Sci-Fi,46,0.4,0.76
USR-1760,38.64,99.04,Sci-Fi,42,0.57,0.87
USR-1761,37.35,79.95,"Sci-Fi,Action",47,0.44,0.97
USR-1762,34.17,94.61,"Sci-Fi,Thriller",32,0.59,0.95
USR-1763,36.7,77.71,"Action,Sci-Fi",56,0.53,0.77
USR-1764,38.97,86.86,Sci-Fi,31,0.23,0.93
USR-1765,37.84,100.02,Sci-Fi,40,0.53,1.0
USR-1766,46.57,89.32,Action,47,0.54,1.0
USR-1767,33.23,84.9,"Thriller,Sci-Fi",36,0.48,0.66
USR-1768,35.49,87.48,"Action,Sci-Fi",43,0.69,0.73
USR-1769,30.17,78.7,"Sci-Fi,Thriller",60,0.51,0.92
USR-1770,31.95,87.43,"Thriller,Action",41,0.57,0.86
USR-1771,39.03,95.89,Sci-Fi,48,0.52,0.98
USR-1772,32.32,94.28,"Sci-Fi,Thriller",42,0.43,0.85
USR-1773,37.59,90.41,"Action,Sci-Fi",54,0.4,0.94
USR-1774,30.29,93.88,"Sci-Fi,Action",51,0.58,0.76
USR-1775,31.02,93.99,Sci-Fi,43,0.43,0.87
USR-1776,41.83,86.44,"Sci-Fi,Action",59,0.47,0.88
USR-1777,35.74,90.21,"Action,Sci-Fi",50,0.57,0.97
USR-1778,53.23,96.71,Sci-Fi,54,0.48,0.77
USR-1779,33.53,74.49,"Action,Sci-Fi",46,0.54,0.86
USR-1780,34.61,118.77,Sci-Fi,58,0.67,0.68
USR-1781,35.95,85.62,"Action,Sci-Fi",37,0.52,0.81
USR-1782,36.48,87.79,"Thriller,Action",44,0.43,0.9
USR-1783,42.11,83.26,Action,45,0.69,0.94
USR-1784,33.0,87.7,"Action,Sci-Fi",52,0.55,0.78
USR-1785,36.35,78.33,Thriller,40,0.6,0.71
USR-1786,28.57,91.81,Action,40,0.48,0.84
USR-1787,36.7,82.07,Action,46,0.67,0.81
USR-1788,30.65,92.21,Thriller,55,0.56,0.76
USR-1789,43.62,96.1,"Sci-Fi,Thriller",46,0.43,0.82
USR-1790,41.86,80.44,"Thriller,Action",41,0.76,0.96
USR-1791,35.01,93.43,"Action,Thriller",31,0.56,0.94
USR-1792,37.44,95.22,Action,42,0.86,0.97
USR-1793,29.82,95.87,"Thriller,Sci-Fi",46,0.71,0.85
USR-1794,47.17,86.38,"Thriller,Sci-Fi",38,0.62,0.84
USR-1795,30.63,86.48,Sci-Fi,34,0.7,0.97
USR-1796,44.7,87.16,"Thriller,Action",44,0.4,0.89
USR-1797,39.1,116.44,"Action,Sci-Fi",55,0.59,0.85
USR-1798,44.51,78.84,Thriller,56,0.29,0.91
USR-1799,39.62,82.39,Thriller,24,0.65,0.84
USR-1800,41.68,81.43,Thriller,44,0.35,0.78
USR-1801,32.42,86.34,"Sci-Fi,Thriller",48,0.58,0.78
USR-1802,39.98,99.24,Action,59,0.79,0.78
USR-1803,40.7,82.71,"Action,Sci-Fi",34,0.46,1.0
USR-1804,42.54,95.88,Action,38,0.73,0.85
USR-1805,29.97,100.54,"Sci-Fi,Action",63,0.58,0.91
USR-1806,38.71,93.33,Thriller,35,0.86,0.78
USR-1807,48.56,91.83,Action,63,0.42,0.93
USR-1808,46.96,86.23,"Sci-Fi,Action",33,0.46,0.66
USR-1809,40.79,96.32,Sci-Fi,50,0.56,0.88
USR-1810,51.67,87.36,Sci-Fi,41,0.53,0.81
USR-1811,36.02,98.47,Action,47,0.6,0.93
USR-1812,42.24,93.53,"Action,Thriller",41,0.49,0.69
USR-1813,32.98,96.9,"Sci-Fi,Action",60,0.56,1.0
USR-1814,51.35,70.67,"Action,Thriller",47,0.56,0.81
USR-1815,41.2,88.41,"Thriller,Sci-Fi",52,0.33,0.85
USR-1816,34.61,81.6,Thriller,46,0.53,0.82
USR-1817,43.78,76.78,Action,63,0.53,0.81
USR-1818,44.31,79.09,Action,52,0.55,0.93
USR-1819,38.49,77.75,Thriller,68,0.5,0.91
USR-1820,37.92,75.66,Sci-Fi,26,0.57,0.81
USR-1821,34.18,74.18,Sci-Fi,42,0.54,0.92
USR-1822,33.56,85.26,"Thriller,Action",44,0.62,0.68
USR-1823,32.19,74.95,Action,50,0.61,0.85
USR-1824,47.31,93.83,"Thriller,Action",40,0.79,0.88
USR-1825,34.73,110.63,Thriller,47,0.61,0.82
USR-1826,39.23,97.52,Sci-Fi,41,0.53,0.83
USR-1827,42.85,91.26,Sci-Fi,48,0.56,0.66
USR-1828,42.53,92.07,Thriller,45,0.39,0.85
USR-1829,25.45,81.26,Sci-Fi,34,0.43,0.91
USR-1830,35.68,104.9,"Action,Thriller",59,0.49,0.75
USR-1831,41.57,106.01,Thriller,48,0.78,0.72
USR-1832,36.82,90.1,"Sci-Fi,Thriller",45,0.55,0.93
USR-1833,42.2,90.54,"Action,Sci-Fi",25,0.45,0.75
USR-1834,44.54,80.61,"Thriller,Action",32,0.5,1.0
USR-1835,43.12,85.89,"Thriller,Sci-Fi",55,0.89,0.68
USR-1836,45.99,89.05,"Sci-Fi,Action",58,0.46,0.91
USR-1837,39.28,80.27,Sci-Fi,47,0.48,0.8
USR-1838,30.21,105.85,"Sci-Fi,Action",45,0.72,0.91
USR-1839,35.61,86.17,"Action,Sci-Fi",37,0.78,0.89
USR-1840,32.35,110.12,"Sci-Fi,Thriller",48,0.35,0.91
USR-1841,49.01,79.14,Thriller,54,0.55,0.79
USR-1842,27.87,96.19,Action,49,0.27,0.71
USR-1843,50.26,72.33,Sci-Fi,36,0.49,0.91
USR-1844,26.78,68.25,"Thriller,Sci-Fi",37,0.49,0.83
USR-1845,36.95,94.61,Action,55,0.47,0.72
USR-1846,42.71,100.91,"Thriller,Sci-Fi",70,0.95,1.0
USR-1847,27.58,80.16,Thriller,51,0.4,0.88
USR-1848,46.82,96.23,"Sci-Fi,Thriller",57,0.34,0.76
USR-1849,34.87,73.97,"Thriller,Sci-Fi",45,0.66,0.92
USR-1850,39.81,85.91,"Action,Sci-Fi",41,0.62,0.77
USR-1851,36.72,71.87,"Thriller,Sci-Fi",64,0.35,0.82
USR-1852,33.73,86.2,"Thriller,Action",58,0.39,0.82
USR-1853,46.12,97.84,Sci-Fi,55,0.58,0.87
USR-1854,37.94,82.82,Thriller,47,0.47,0.88
USR-1855,54.7,93.39,"Action,Thriller",57,0.52,0.75
USR-1856,31.65,85.03,Sci-Fi,41,0.86,1.0
USR-1857,53.62,92.37,"Action,Sci-Fi",34,0.61,0.68
USR-1858,34.35,84.71,"Action,Sci-Fi",61,0.52,0.74
USR-1859,52.06,99.45,"Sci-Fi,Thriller",49,0.6,0.98
USR-1860,39.29,79.71,Sci-Fi,28,0.43,0.76
USR-1861,50.08,99.6,"Thriller,Action",58,0.51,0.8
USR-1862,48.33,75.58,Action,33,0.57,0.81
USR-1863,38.26,101.93,Action,49,0.65,1.0
USR-1864,24.0,94.09,"Action,Sci-Fi",39,0.42,1.0
USR-1865,43.47,88.23,"Sci-Fi,Thriller",36,0.52,0.73
USR-1866,44.38,105.17,"Action,Sci-Fi",61,0.5,0.72
USR-1867,52.15,76.75,"Sci-Fi,Action",55,0.34,0.9
USR-1868,36.37,81.71,"Thriller,Sci-Fi",46,0.47,0.92
USR-1869,42.19,79.03,Action,50,0.56,0.76
USR-1870,38.04,72.68,"Thriller,Action",56,0.36,0.84
USR-1871,50.26,86.67,Thriller,38,0.4,0.92
USR-1872,37.65,78.2,"Thriller,Action",41,0.2,1.0
USR-1873,41.26,94.57,Sci-Fi,37,0.3,0.78
USR-1874,33.99,89.07,Action,41,0.65,0.79
USR-1875,37.63,99.84,Sci-Fi,38,0.46,0.76
USR-1876,34.48,95.56,"Sci-Fi,Action",42,0.59,0.88
USR-1877,39.92,85.23,"Thriller,Action",33,0.77,0.95
USR-1878,31.73,91.84,Sci-Fi,54,0.54,0.79
USR-1879,38.6,82.0,"Action,Sci-Fi",54,0.47,0.89
USR-1880,43.37,88.86,Action,39,0.61,0.82
USR-1881,24.0,75.09,Sci-Fi,48,0.67,0.68
USR-1882,33.52,89.68,"Sci-Fi,Thriller",21,0.57,0.89
USR-1883,33.38,84.16,"Sci-Fi,Action",42,0.71,1.0
USR-1884,44.56,83.36,Action,52,0.62,0.91
USR-1885,42.78,88.62,"Sci-Fi,Thriller",55,0.54,0.95
USR-1886,35.62,82.4,Action,56,0.57,0.92
USR-1887,42.14,90.59,Thriller,52,0.38,0.69
USR-1888,29.42,78.77,Thriller,60,0.46,0.77
USR-1889,33.96,96.62,"Thriller,Action",42,0.6,0.76
USR-1890,45.13,92.32,Thriller,52,0.4,0.81
USR-1891,29.99,97.52,"Sci-Fi,Action",56,0.53,0.91
USR-1892,27.94,84.18,"Sci-Fi,Action",45,0.75,0.78
USR-1893,44.86,87.64,Thriller,27,0.52,0.95
USR-1894,37.39,109.74,"Sci-Fi,Action",27,0.55,0.92
USR-1895,45.07,94.92,"Thriller,Action",34,0.33,0.86
USR-1896,37.44,84.77,Sci-Fi,45,0.64,0.79
USR-1897,39.26,98.24,Action,41,0.76,1.0
USR-1898,36.48,72.8,Action,54,0.78,0.84
USR-1899,34.23,87.4,"Thriller,Action",49,0.51,0.86
USR-1900,40.98,86.12,"Sci-Fi,Thriller",43,0.62,0.85
USR-1901,32.24,94.89,Sci-Fi,45,0.36,0.87
USR-1902,35.31,96.57,Action,46,0.44,0.87
USR-1903,29.59,87.16,"Action,Thriller",64,0.49,0.84
USR-1904,29.87,94.12,Thriller,48,0.67,0.92
USR-1905,35.51,109.08,Action,59,0.75,0.85
USR-1906,44.44,85.76,Sci-Fi,40,0.66,0.79
USR-1907,24.0,101.59,"Thriller,Sci-Fi",42,0.57,0.85
USR-1908,45.31,108.49,Action,33,0.44,0.94
USR-1909,45.11,82.53,"Action,Thriller",47,0.55,0.78
USR-1910,42.28,72.13,"Thriller,Sci-Fi",45,0.53,0.65
USR-1911,24.0,68.25,"Thriller,Sci-Fi",69,0.56,0.79
USR-1912,56.36,74.81,Thriller,45,0.43,0.78
USR-1913,26.9,85.49,Action,42,0.62,0.56
USR-1914,35.19,83.44,Sci-Fi,59,0.61,0.9
USR-1915,40.88,88.45,Action,51,0.51,0.83
USR-1916,37.84,82.09,Thriller,44,0.41,0.81
USR-1917,32.36,93.07,Action,45,0.4,0.94
USR-1918,40.59,91.95,Thriller,40,0.36,1.0
USR-1919,33.71,98.82,Action,41,0.21,0.71
USR-1920,30.81,89.02,Action,48,0.58,0.79
USR-1921,47.81,84.08,Thriller,38,0.56,0.88
USR-1922,31.55,88.2,Thriller,30,0.27,0.92
USR-1923,38.36,93.42,Thriller,44,0.38,0.99
USR-1924,29.19,86.04,"Thriller,Sci-Fi",34,0.48,0.87
USR-1925,43.65,78.1,"Sci-Fi,Thriller",43,0.39,0.77
USR-1926,43.64,88.78,"Sci-Fi,Thriller",48,0.33,1.0
USR-1927,35.46,89.83,Action,33,0.65,0.87
USR-1928,32.29,74.66,Thriller,47,0.38,0.78
USR-1929,40.97,108.98,"Action,Sci-Fi",35,0.29,1.0
USR-1930,44.77,91.02,"Thriller,Sci-Fi",59,0.95,0.82
USR-1931,41.32,81.51,"Thriller,Sci-Fi",54,0.7,0.77
USR-1932,32.17,76.6,"Sci-Fi,Thriller",61,0.53,0.62
USR-1933,29.61,91.29,"Action,Thriller",26,0.58,0.68
USR-1934,33.73,80.78,"Thriller,Sci-Fi",39,0.71,0.96
USR-1935,47.96,88.1,Action,33,0.72,0.79
USR-1936,27.12,86.91,"Sci-Fi,Action",45,0.78,0.89
USR-1937,36.29,90.21,"Sci-Fi,Action",51,0.8,0.68
USR-1938,30.18,94.62,"Thriller,Action",33,0.35,1.0
USR-1939,27.47,84.49,Thriller,52,0.61,0.76
USR-1940,34.04,90.72,Sci-Fi,36,0.36,0.67
USR-1941,24.0,82.82,Action,57,0.72,0.82
USR-1942,26.34,82.33,"Thriller,Sci-Fi",39,0.71,0.86
USR-1943,38.7,89.6,Action,31,0.72,0.9
USR-1944,49.49,95.84,Thriller,32,0.54,0.95
USR-1945,37.79,108.38,Thriller,30,0.78,0.78
USR-1946,32.58,65.34,Action,41,0.57,0.94
USR-1947,38.6,89.02,Sci-Fi,55,0.48,0.6
USR-1948,40.03,108.92,"Thriller,Sci-Fi",44,0.55,0.84
USR-1949,39.44,83.7,Sci-Fi,50,0.54,0.98
USR-1950,40.64,85.65,Action,36,0.43,0.78
USR-1951,38.57,113.07,Sci-Fi,46,0.2,0.79
USR-1952,42.44,76.72,"Sci-Fi,Action",53,0.59,0.76
USR-1953,34.32,96.46,"Sci-Fi,Thriller",38,0.7,0.94
USR-1954,46.27,94.84,"Thriller,Sci-Fi",53,0.32,0.8
USR-1955,45.18,84.19,"Thriller,Action",49,0.67,0.79
USR-1956,45.58,71.33,Sci-Fi,30,0.49,0.99
USR-1957,27.76,85.53,"Action,Sci-Fi",47,0.57,1.0
USR-1958,31.66,110.08,Thriller,39,0.33,0.87
USR-1959,46.17,90.88,"Thriller,Action",48,0.47,0.95
USR-1960,38.0,94.86,"Sci-Fi,Thriller",23,0.45,0.68
USR-1961,52.98,85.9,Thriller,54,0.72,0.84
USR-1962,50.23,74.89,Thriller,39,0.62,0.93
USR-1963,44.1,75.77,"Sci-Fi,Action",50,0.51,0.87
USR-1964,39.49,92.2,Action,47,0.42,0.8
USR-1965,36.61,96.37,Sci-Fi,38,0.59,0.76
USR-1966,46.35,77.62,Sci-Fi,59,0.58,0.89
USR-1967,54.2,85.25,"Sci-Fi,Action",46,0.4,0.84
USR-1968,35.26,94.82,Action,37,0.46,0.75
USR-1969,33.36,89.53,Action,58,0.59,0.8
USR-1970,41.36,91.26,Action,39,0.57,0.81
USR-1971,38.01,103.33,Sci-Fi,42,0.71,0.79
USR-1972,41.44,88.09,"Thriller,Action",48,0.87,0.91
USR-1973,32.1,87.61,Sci-Fi,49,0.39,0.9
USR-1974,48.93,81.56,Thriller,49,0.53,0.74
USR-1975,43.88,77.93,Sci-Fi,31,0.74,1.0
USR-1976,40.08,100.21,Sci-Fi,46,0.31,0.8
USR-1977,33.94,89.15,Action,43,0.66,0.85
USR-1978,39.97,91.98,"Action,Sci-Fi",47,0.79,0.79
USR-1979,46.96,86.32,"Action,Thriller",29,0.39,0.87
USR-1980,44.71,105.7,"Action,Sci-Fi",46,0.39,0.88
USR-1981,32.18,98.63,"Sci-Fi,Action",39,0.54,0.83
USR-1982,31.11,115.08,"Sci-Fi,Action",53,0.61,0.73
USR-1983,36.68,80.28,"Thriller,Sci-Fi",45,0.6,0.9
USR-1984,40.84,74.61,"Sci-Fi,Thriller",57,0.44,0.74
USR-1985,45.08,82.29,Thriller,46,0.63,0.94
USR-1986,29.02,77.95,Action,34,0.74,1.0
USR-1987,35.64,73.67,Action,40,0.5,0.89
USR-1988,43.5,82.07,Thriller,36,0.38,0.96
USR-1989,38.27,71.47,Action,43,0.42,0.86
USR-1990,27.83,89.43,"Sci-Fi,Action",53,0.8,0.88
USR-1991,45.38,89.82,"Thriller,Action",52,0.28,0.72
USR-1992,35.43,110.38,"Sci-Fi,Thriller",35,0.58,0.96
USR-1993,33.27,86.98,"Thriller,Action",56,0.6,0.75
USR-1994,37.89,97.81,"Thriller,Action",51,0.58,0.74
USR-1995,49.23,78.14,Thriller,39,0.4,1.0
USR-1996,50.14,76.38,"Sci-Fi,Thriller",60,0.76,0.8
USR-1997,38.18,78.9,Thriller,39,0.63,0.69
USR-1998,31.97,77.14,Thriller,41,0.58,0.81
USR-1999,44.24,87.59,"Sci-Fi,Thriller",50,0.5,0.71
USR-2000,40.56,96.29,"Thriller,Sci-Fi",38,0.39,0.75
USR-2001,41.77,98.48,Thriller,52,0.39,1.0
USR-2002,31.08,79.47,"Thriller,Action",50,0.69,0.71
USR-2003,39.74,79.77,"Sci-Fi,Thriller",50,0.64,0.68
USR-2004,44.54,82.3,Thriller,41,0.56,0.79
USR-2005,30.42,93.93,Sci-Fi,48,0.41,0.88
USR-2006,38.92,89.51,"Sci-Fi,Action",38,0.66,0.77
USR-2007,27.94,93.61,Sci-Fi,44,0.49,0.75
USR-2008,40.74,88.36,Thriller,54,0.51,0.84
USR-2009,43.4,81.74,Thriller,34,0.65,0.99
USR-2010,35.95,85.59,"Thriller,Sci-Fi",59,0.38,0.92
USR-2011,31.96,76.66,Action,31,0.65,0.95
USR-2012,31.22,79.04,Thriller,55,0.57,0.93
USR-2013,46.46,81.09,Action,40,0.57,0.94
USR-2014,41.0,93.36,"Action,Thriller",20,0.88,0.8
USR-2015,44.22,86.94,"Thriller,Action",54,0.31,1.0
USR-2016,36.02,94.15,Sci-Fi,50,0.49,0.82
USR-2017,37.26,88.84,"Action,Thriller",46,0.54,0.76
USR-2018,37.26,86.56,"Action,Thriller",43,0.72,0.92
USR-2019,30.83,83.07,Sci-Fi,65,0.67,0.85
USR-2020,35.77,82.0,"Action,Thriller",25,0.61,0.78
USR-2021,36.68,82.82,Action,58,0.8,0.83
USR-2022,24.0,79.79,Action,40,0.53,0.95
USR-2023,24.0,96.92,"Action,Sci-Fi",65,0.36,0.85
USR-2024,40.8,85.44,Action,31,0.37,0.89
USR-2025,49.06,87.64,Action,47,0.5,0.85
USR-2026,35.53,99.93,Action,36,0.73,0.89
USR-2027,33.13,84.91,Sci-Fi,41,0.62,0.9
USR-2028,46.69,87.18,"Sci-Fi,Action",48,0.68,0.7
USR-2029,32.62,104.48,"Sci-Fi,Action",54,0.74,0.9
USR-2030,37.1,85.67,Thriller,50,0.4,0.91
USR-2031,37.97,106.8,"Sci-Fi,Action",52,0.8,0.71
USR-2032,24.0,90.43,"Action,Thriller",46,0.57,0.82
USR-2033,29.26,85.19,"Action,Sci-Fi",26,0.53,0.71
USR-2034,43.86,95.84,Thriller,36,0.44,0.8
USR-2035,24.0,91.36,"Sci-Fi,Action",37,0.6,0.78
USR-2036,30.08,92.77,"Action,Thriller",59,0.5,0.72
USR-2037,36.91,93.99,Action,51,0.54,0.96
USR-2038,37.4,80.11,"Action,Thriller",58,0.48,0.78
USR-2039,31.49,83.22,Sci-Fi,47,0.41,0.71
USR-2040,38.79,102.07,Action,42,0.8,0.89
USR-2041,41.51,100.23,"Thriller,Action",56,0.37,0.82
USR-2042,49.07,77.38,Thriller,58,0.7,0.82
USR-2043,46.25,92.91,"Sci-Fi,Action",54,0.54,0.85
USR-2044,37.43,104.47,Thriller,60,0.39,0.85
USR-2045,40.04,96.13,"Action,Thriller",26,0.35,0.94
USR-2046,26.69,86.03,"Sci-Fi,Action",56,0.53,0.94
USR-2047,47.32,84.82,"Thriller,Sci-Fi",50,0.61,1.0
USR-2048,46.16,81.14,"Sci-Fi,Action",53,0.58,0.75
USR-2049,42.84,94.55,Sci-Fi,29,0.77,0.92
USR-2050,35.36,94.16,Thriller,49,0.41,0.92
USR-2051,33.35,87.03,Sci-Fi,50,0.8,0.82
USR-2052,29.84,89.84,Action,34,0.55,0.92
USR-2053,47.59,86.07,Thriller,51,0.6,0.84
USR-2054,32.17,104.03,"Sci-Fi,Action",44,0.59,0.67
USR-2055,36.13,90.45,"Sci-Fi,Action",60,0.56,0.99
USR-2056,36.31,79.2,Sci-Fi,47,0.68,1.0
USR-2057,25.47,111.57,"Sci-Fi,Action",49,0.35,0.9
USR-2058,24.0,92.92,"Sci-Fi,Thriller",35,0.81,0.92
USR-2059,31.15,98.26,"Action,Thriller",37,0.58,0.92
USR-2060,44.26,75.74,"Thriller,Action",66,0.66,0.85
USR-2061,45.08,111.65,Sci-Fi,42,0.71,0.64
USR-2062,40.06,84.66,Thriller,52,0.48,0.62
USR-2063,42.87,90.4,"Action,Thriller",37,0.5,0.82
USR-2064,35.8,81.29,"Sci-Fi,Action",46,0.49,0.85
USR-2065,30.86,105.97,"Thriller,Action",45,0.46,0.91
USR-2066,27.99,77.27,"Thriller,Action",37,0.6,0.78
USR-2067,42.24,87.14,"Thriller,Action",49,0.49,0.92
USR-2068,32.81,98.91,"Action,Thriller",52,0.67,0.58
USR-2069,33.32,78.76,"Sci-Fi,Thriller",48,0.65,0.87
USR-2070,33.67,91.69,"Thriller,Sci-Fi",46,0.52,0.76
USR-2071,37.57,87.74,Action,29,0.56,0.9
USR-2072,34.82,87.05,Sci-Fi,33,0.41,0.73
USR-2073,30.95,85.79,Thriller,27,0.45,0.9
USR-2074,33.43,85.62,Action,49,0.71,0.83
USR-2075,34.75,65.0,Thriller,44,0.37,0.91
USR-2076,45.2,87.69,"Thriller,Sci-Fi",35,0.65,0.96
USR-2077,42.75,90.41,Thriller,60,0.29,0.82
USR-2078,35.84,96.53,"Sci-Fi,Thriller",57,0.63,0.96
USR-2079,40.17,65.0,"Action,Thriller",39,0.52,0.65
USR-2080,43.64,78.01,Sci-Fi,36,0.59,0.92
USR-2081,37.74,98.36,Sci-Fi,25,0.53,0.72
USR-2082,36.58,81.62,"Sci-Fi,Thriller",36,0.42,0.9
USR-2083,34.71,86.2,"Sci-Fi,Action",38,0.51,0.89
USR-2084,34.84,89.81,Action,59,0.55,0.85
USR-2085,39.56,92.07,Thriller,43,0.47,1.0
USR-2086,37.88,88.85,Sci-Fi,45,0.55,0.77
USR-2087,35.47,77.69,Thriller,57,0.55,0.86
USR-2088,36.27,94.84,Action,40,0.4,0.92
USR-2089,37.42,83.46,"Thriller,Action",51,0.56,0.95
USR-2090,38.08,75.1,"Sci-Fi,Thriller",29,0.59,0.68
USR-2091,24.52,70.39,Sci-Fi,62,0.4,0.75
USR-2092,37.99,78.36,"Action,Thriller",17,0.27,0.7
USR-2093,37.98,82.56,"Action,Sci-Fi",44,0.55,1.0
USR-2094,43.22,113.86,Thriller,44,0.77,0.76
USR-2095,49.76,77.84,Thriller,41,0.37,0.73
USR-2096,43.44,88.12,Sci-Fi,41,0.39,0.62
USR-2097,46.12,73.29,"Thriller,Sci-Fi",45,0.31,0.85
USR-2098,49.01,89.51,"Action,Sci-Fi",42,0.62,0.92
USR-2099,45.51,98.52,"Sci-Fi,Thriller",49,0.64,0.72
USR-2100,35.04,74.53,Action,36,0.56,0.99
USR-2101,24.0,77.67,Thriller,37,0.48,0.76
USR-2102,32.98,101.63,Thriller,51,0.58,0.77
USR-2103,33.94,80.38,"Action,Thriller",40,0.63,0.74
USR-2104,33.84,84.01,Action,44,0.43,0.77
USR-2105,33.42,89.48,Thriller,33,0.5,0.76
USR-2106,32.21,66.9,Sci-Fi,58,0.44,0.82
USR-2107,44.01,80.46,Action,40,0.66,0.93
USR-2108,50.38,83.05,Thriller,15,0.5,0.77
USR-2109,38.07,93.41,"Action,Sci-Fi",34,0.55,1.0
USR-2110,37.08,86.65,"Action,Sci-Fi",28,0.43,0.95
USR-2111,38.76,72.91,"Thriller,Sci-Fi",56,0.51,0.98
USR-2112,29.65,94.78,"Action,Thriller",61,0.33,0.83
USR-2113,28.51,97.36,"Action,Thriller",42,0.4,0.92
USR-2114,24.0,90.81,Action,56,0.65,0.85
USR-2115,38.03,82.09,Sci-Fi,45,0.47,0.81
USR-2116,41.83,90.3,"Sci-Fi,Action",46,0.48,0.87
USR-2117,35.09,122.14,Sci-Fi,34,0.54,1.0
USR-2118,45.57,101.49,"Action,Sci-Fi",45,0.63,0.93
USR-2119,35.1,92.96,"Thriller,Sci-Fi",51,0.52,0.89
USR-2120,32.57,76.74,Sci-Fi,30,0.56,0.93
USR-2121,37.29,81.25,"Action,Sci-Fi",48,0.51,0.93
USR-2122,27.55,81.38,Thriller,45,0.53,0.9
USR-2123,38.34,88.77,"Sci-Fi,Action",55,0.56,0.78
USR-2124,40.17,85.7,Action,33,0.86,0.58
USR-2125,36.61,100.52,Thriller,49,0.69,1.0
USR-2126,38.12,83.93,Sci-Fi,54,0.47,0.88
USR-2127,35.08,84.25,"Sci-Fi,Thriller",29,0.42,0.62
USR-2128,32.91,95.66,"Thriller,Sci-Fi",40,0.55,0.88
USR-2129,33.42,72.59,Sci-Fi,49,0.59,0.86
USR-2130,35.23,81.66,"Thriller,Action",33,0.75,0.98
USR-2131,38.95,101.97,"Action,Sci-Fi",29,0.64,0.84
USR-2132,32.88,68.71,"Thriller,Sci-Fi",51,0.36,0.78
USR-2133,43.0,95.31,"Thriller,Action",50,0.53,0.88
USR-2134,46.08,80.21,Action,38,0.57,0.66
USR-2135,38.34,96.65,Thriller,46,0.71,0.61
USR-2136,43.11,108.38,Sci-Fi,39,0.37,0.94
USR-2137,37.71,98.87,"Action,Thriller",45,0.7,0.8
USR-2138,45.56,78.43,Thriller,36,0.8,0.81
USR-2139,32.54,94.87,"Action,Sci-Fi",26,0.31,1.0
USR-2140,32.12,118.95,"Action,Sci-Fi",26,0.52,0.9
USR-2141,41.38,86.32,Action,49,0.62,0.86
USR-2142,24.0,71.48,Thriller,42,0.48,1.0
USR-2143,24.0,91.03,Action,38,0.55,0.87
USR-2144,40.39,95.9,Thriller,51,0.43,0.81
USR-2145,39.77,87.43,"Thriller,Action",41,0.54,0.87
USR-2146,32.41,96.64,"Action,Thriller",43,0.72,0.66
USR-2147,33.85,98.61,"Action,Thriller",50,0.52,0.82
USR-2148,46.86,70.6,"Sci-Fi,Thriller",44,0.26,1.0
USR-2149,36.16,67.75,"Thriller,Action",44,0.69,0.92
USR-2150,39.94,92.5,"Action,Thriller",43,0.57,0.86
USR-2151,43.29,79.56,Action,50,0.34,0.84
USR-2152,47.35,82.34,"Action,Sci-Fi",56,0.49,0.86
USR-2153,40.84,77.17,"Action,Thriller",28,0.32,1.0
USR-2154,51.39,76.79,Sci-Fi,44,0.78,0.96
USR-2155,43.26,86.06,"Sci-Fi,Action",33,0.46,0.67
USR-2156,37.82,66.94,Sci-Fi,49,0.65,0.81
USR-2157,32.45,81.57,"Thriller,Action",41,0.49,0.8
USR-2158,50.91,86.84,Action,57,0.35,0.84
USR-2159,38.96,100.78,"Action,Thriller",51,0.56,1.0
USR-2160,30.14,95.54,Action,44,0.61,0.87
USR-2161,29.27,81.52,"Thriller,Sci-Fi",43,0.46,0.94
USR-2162,38.51,89.83,Sci-Fi,36,0.52,0.98
USR-2163,61.11,90.47,"Thriller,Action",37,0.65,0.89
USR-2164,31.23,79.67,"Sci-Fi,Action",41,0.56,0.97
USR-2165,35.42,82.56,Sci-Fi,47,0.31,0.82
USR-2166,45.54,94.48,Action,48,0.39,0.77
USR-2167,41.22,82.03,"Thriller,Action",64,0.56,0.96
USR-2168,41.21,87.58,Sci-Fi,44,0.4,0.78
USR-2169,45.32,95.74,"Action,Thriller",35,0.72,0.89
USR-2170,26.24,94.35,"Sci-Fi,Action",43,0.72,1.0
USR-2171,52.58,82.21,"Thriller,Sci-Fi",62,0.87,0.91
USR-2172,38.58,85.29,Thriller,40,0.48,0.83
USR-2173,41.55,81.41,"Sci-Fi,Action",29,0.46,0.98
USR-2174,31.91,96.94,"Thriller,Sci-Fi",46,0.48,0.97
USR-2175,46.52,96.64,"Action,Thriller",47,0.55,0.77
USR-2176,37.55,76.35,Thriller,29,0.44,1.0
USR-2177,41.65,75.76,Action,34,0.73,0.92
USR-2178,40.27,65.0,"Thriller,Action",39,0.63,0.89
USR-2179,44.06,91.95,"Action,Thriller",51,0.48,0.95
USR-2180,31.23,114.15,"Sci-Fi,Action",49,0.53,0.84
USR-2181,49.67,92.01,"Action,Thriller",58,0.57,0.89
USR-2182,46.88,81.7,Sci-Fi,50,0.53,0.83
USR-2183,32.98,104.66,"Sci-Fi,Thriller",39,0.57,0.87
USR-2184,39.32,75.7,Sci-Fi,57,0.44,0.99
USR-2185,32.17,65.0,"Action,Thriller",48,0.5,0.82
USR-2186,37.22,80.11,"Sci-Fi,Thriller",46,0.49,0.88
USR-2187,32.98,87.42,Action,46,0.52,0.7
USR-2188,47.19,81.19,Action,45,0.63,0.76
USR-2189,31.36,77.43,Sci-Fi,36,0.62,0.84
USR-2190,30.42,103.0,"Action,Thriller",37,0.47,0.85
USR-2191,30.32,76.48,"Action,Sci-Fi",25,0.43,0.87
USR-2192,34.58,82.59,Action,54,0.54,1.0
USR-2193,24.0,89.95,"Sci-Fi,Thriller",53,0.32,0.73
USR-2194,48.74,85.96,"Thriller,Action",38,0.67,0.7
USR-2195,38.15,65.22,"Thriller,Action",48,0.5,1.0
USR-2196,48.39,110.79,Action,38,0.66,0.86
USR-2197,33.66,65.58,Action,45,0.48,0.81
USR-2198,32.85,82.81,"Sci-Fi,Action",50,0.58,1.0
USR-2199,27.45,78.45,"Thriller,Action",39,0.66,0.79
USR-2200,24.0,101.33,"Action,Sci-Fi",36,0.69,0.81
USR-2201,28.35,67.51,Sci-Fi,38,0.57,0.94
USR-2202,33.51,73.83,"Action,Sci-Fi",27,0.74,0.98
USR-2203,50.54,88.47,Sci-Fi,47,0.71,0.93
USR-2204,30.14,99.83,Thriller,42,0.43,0.83
USR-2205,28.04,76.71,"Thriller,Action",38,0.48,0.84
USR-2206,41.54,85.41,"Action,Thriller",33,0.77,0.82
USR-2207,33.66,107.75,"Sci-Fi,Action",37,0.62,0.85
USR-2208,43.79,81.37,Thriller,52,0.64,0.91
USR-2209,28.55,87.68,"Thriller,Sci-Fi",48,0.52,0.89
USR-2210,43.25,89.16,Sci-Fi,47,0.53,0.78
USR-2211,33.62,102.34,Action,30,0.49,0.9
USR-2212,43.63,93.07,"Thriller,Action",42,0.5,0.85
USR-2213,39.53,65.0,"Action,Sci-Fi",32,0.55,0.97
USR-2214,36.06,98.94,"Action,Sci-Fi",75,0.57,0.7
USR-2215,42.21,88.91,"Action,Thriller",43,0.59,0.95
USR-2216,36.26,99.95,Action,28,0.69,0.92
USR-2217,50.04,83.82,Action,27,0.3,0.85
USR-2218,30.54,81.19,Thriller,70,0.58,0.98
USR-2219,26.52,83.93,"Thriller,Action",48,0.44,0.96
USR-2220,33.18,89.43,"Thriller,Action",43,0.37,0.81
USR-2221,38.2,73.73,"Thriller,Action",34,0.48,0.85
USR-2222,37.73,95.5,"Sci-Fi,Action",24,0.41,1.0
USR-2223,37.55,76.26,"Thriller,Sci-Fi",37,0.48,0.94
USR-2224,42.93,105.98,Sci-Fi,41,0.47,0.8
USR-2225,36.69,104.53,"Sci-Fi,Thriller",61,0.48,1.0
USR-2226,39.27,101.84,"Thriller,Action",39,0.62,0.95
USR-2227,46.64,76.23,Thriller,43,0.63,0.85
USR-2228,31.64,80.7,"Action,Thriller",52,0.63,0.87
USR-2229,46.19,96.52,Action,57,0.64,0.78
USR-2230,45.66,85.0,Thriller,32,0.31,0.86
USR-2231,37.43,83.43,"Thriller,Sci-Fi",60,0.43,0.86
USR-2232,42.63,85.71,Thriller,46,0.56,0.84
USR-2233,34.8,88.9,Action,52,0.57,0.74
USR-2234,49.69,84.53,"Sci-Fi,Thriller",42,0.3,0.79
USR-2235,41.77,72.95,"Thriller,Action",53,0.45,0.86
USR-2236,38.82,78.44,"Action,Sci-Fi",68,0.73,0.94
USR-2237,37.5,99.26,Thriller,43,0.75,1.0
USR-2238,39.35,78.23,Thriller,62,0.66,0.76
USR-2239,40.23,90.97,"Action,Sci-Fi",50,0.68,0.91
USR-2240,41.46,90.15,Action,37,0.58,0.86
USR-2241,38.69,81.62,Action,44,0.7,0.76
USR-2242,35.11,71.2,"Sci-Fi,Thriller",32,0.63,0.95
USR-2243,34.43,79.65,"Thriller,Sci-Fi",32,0.59,0.85
USR-2244,26.81,102.15,"Action,Sci-Fi",40,0.78,0.66
USR-2245,41.75,86.22,"Action,Thriller",30,0.43,0.87
USR-2246,29.55,81.67,"Sci-Fi,Action",38,0.69,0.94
USR-2247,39.9,82.62,Action,49,0.64,0.77
USR-2248,24.0,95.06,"Sci-Fi,Action",43,0.64,0.82
USR-2249,39.42,79.75,Action,52,0.52,0.89
USR-2250,25.85,88.18,Sci-Fi,40,0.53,0.76
USR-2251,44.35,71.12,Drama,47,0.45,1.0
USR-2252,43.69,77.24,Drama,61,0.31,0.96
USR-2253,39.91,63.35,"Drama,Romance",20,0.58,1.0
USR-2254,47.11,61.25,"Drama,Romance",47,0.69,0.82
USR-2255,51.73,84.57,"Romance,Drama",73,0.79,1.0
USR-2256,39.24,99.42,Drama,50,0.54,0.84
USR-2257,45.33,67.8,"Drama,Romance",70,0.49,0.89
USR-2258,49.56,84.54,"Drama,Romance",35,0.22,0.93
USR-2259,44.44,85.89,"Romance,Drama",70,0.48,0.77
USR-2260,42.36,60.61,Drama,41,0.42,1.0
USR-2261,55.41,80.18,"Romance,Drama",59,0.58,0.86
USR-2262,50.07,70.96,"Drama,Romance",55,0.44,0.86
USR-2263,40.38,69.0,"Romance,Drama",46,0.57,0.98
USR-2264,54.78,62.69,Romance,70,0.58,0.74
USR-2265,43.12,69.48,"Romance,Drama",62,0.7,0.87
USR-2266,56.2,72.29,"Drama,Romance",65,0.15,0.79
USR-2267,47.12,87.79,Romance,37,0.57,0.91
USR-2268,38.94,84.09,"Romance,Drama",64,0.58,0.97
USR-2269,39.55,68.12,Romance,71,0.81,0.88
USR-2270,62.19,74.82,"Romance,Drama",50,0.72,0.84
USR-2271,40.66,67.73,"Drama,Romance",67,0.44,0.85
USR-2272,54.5,88.38,Drama,62,0.53,0.88
USR-2273,55.48,64.91,"Romance,Drama",56,0.24,0.81
USR-2274,42.22,73.34,"Drama,Romance",77,0.38,0.9
USR-2275,49.44,71.35,"Romance,Drama",69,0.5,1.0
USR-2276,52.81,67.63,"Drama,Romance",81,0.63,1.0
USR-2277,42.37,74.5,"Drama,Romance",52,0.61,0.98
USR-2278,50.28,74.92,Drama,72,0.63,0.86
USR-2279,39.99,65.48,"Drama,Romance",50,0.7,0.82
USR-2280,40.45,93.09,"Romance,Drama",66,0.61,0.86
USR-2281,44.35,64.93,Drama,20,0.48,0.79
USR-2282,46.45,59.37,Romance,55,0.79,0.79
USR-2283,52.86,84.44,Drama,36,0.29,0.87
USR-2284,62.91,72.18,"Romance,Drama",52,0.46,0.91
USR-2285,47.33,77.14,Romance,47,0.39,0.78
USR-2286,46.63,64.28,Drama,40,0.59,0.83
USR-2287,47.69,74.55,"Romance,Drama",57,0.35,0.89
USR-2288,47.13,60.47,Romance,66,0.54,0.83
USR-2289,59.58,77.59,Drama,47,0.38,0.71
USR-2290,47.16,73.26,"Drama,Romance",68,0.72,0.91
USR-2291,53.31,69.57,Romance,37,0.54,0.72
USR-2292,44.0,77.96,Romance,48,0.6,0.87
USR-2293,46.24,72.43,"Drama,Romance",68,0.67,0.91
USR-2294,47.25,55.0,"Drama,Romance",46,0.17,0.81
USR-2295,48.68,73.55,Romance,54,0.62,0.97
USR-2296,49.11,65.33,"Drama,Romance",31,0.6,0.86
USR-2297,44.71,65.57,Drama,42,0.55,0.86
USR-2298,46.08,84.26,"Romance,Drama",40,0.44,0.87
USR-2299,44.48,75.57,"Drama,Romance",65,0.36,0.87
USR-2300,48.11,71.54,"Drama,Romance",62,0.52,0.86
USR-2301,32.41,97.68,"Romance,Drama",44,0.59,0.75
USR-2302,48.6,68.33,"Romance,Drama",46,0.49,0.75
USR-2303,48.91,80.14,"Romance,Drama",58,0.42,0.92
USR-2304,41.92,69.46,"Romance,Drama",36,0.33,0.9
USR-2305,50.16,76.53,"Drama,Romance",64,0.5,0.74
USR-2306,68.45,89.71,Drama,63,0.46,0.98
USR-2307,39.94,71.76,"Romance,Drama",49,0.67,1.0
USR-2308,57.46,80.81,Romance,51,0.51,0.88
USR-2309,36.04,73.76,Drama,61,0.59,0.93
USR-2310,53.1,79.44,Romance,50,0.45,0.86
USR-2311,61.73,79.38,"Drama,Romance",81,0.51,0.57
USR-2312,55.28,69.14,"Romance,Drama",45,0.43,0.82
USR-2313,58.98,86.8,Romance,62,0.6,0.82
USR-2314,38.66,69.44,Drama,57,0.3,0.9
USR-2315,62.25,64.0,"Romance,Drama",61,0.57,0.95
USR-2316,42.4,70.11,"Drama,Romance",81,0.29,0.81
USR-2317,30.0,74.47,Romance,67,0.62,0.95
USR-2318,38.6,88.54,Romance,43,0.25,0.86
USR-2319,44.87,73.63,Romance,90,0.6,0.85
USR-2320,38.08,57.08,Romance,42,0.89,0.95
USR-2321,48.56,77.55,Drama,48,0.76,0.86
USR-2322,45.35,55.0,Romance,52,0.66,0.94
USR-2323,47.29,79.28,"Drama,Romance",48,0.44,0.79
USR-2324,48.84,96.14,"Romance,Drama",64,0.65,0.83
USR-2325,34.6,55.0,Romance,42,0.64,0.89
USR-2326,38.32,68.3,Romance,32,0.86,0.87
USR-2327,58.5,76.76,"Drama,Romance",78,0.56,0.87
USR-2328,53.74,87.08,Drama,49,0.52,0.83
USR-2329,32.21,66.95,Drama,44,0.9,0.9
USR-2330,39.62,81.78,Drama,64,0.58,0.87
USR-2331,42.92,80.64,Romance,30,0.3,1.0
USR-2332,58.31,74.59,Drama,74,0.44,0.94
USR-2333,51.91,78.15,Romance,56,0.61,0.96
USR-2334,48.91,65.27,Drama,38,0.45,0.98
USR-2335,45.89,76.34,Drama,31,0.55,0.85
USR-2336,48.37,79.25,Drama,70,0.59,0.85
USR-2337,49.28,90.5,"Drama,Romance",54,0.37,0.83
USR-2338,41.55,79.9,Drama,58,0.59,0.79
USR-2339,48.8,79.03,"Romance,Drama",74,0.54,0.85
USR-2340,39.13,76.25,"Drama,Romance",25,0.43,0.79
USR-2341,52.2,60.43,"Drama,Romance",56,0.55,0.89
USR-2342,55.32,75.11,"Romance,Drama",37,0.38,0.94
USR-2343,35.38,61.66,"Romance,Drama",73,0.45,0.81
USR-2344,52.72,82.33,"Romance,Drama",57,0.57,0.89
USR-2345,48.47,76.81,Drama,62,0.47,0.99
USR-2346,30.0,92.47,"Drama,Romance",34,0.82,0.77
USR-2347,52.13,64.85,Romance,54,0.51,0.84
USR-2348,42.17,76.59,Drama,66,0.47,0.73
USR-2349,42.74,88.94,"Drama,Romance",45,0.49,0.83
USR-2350,51.56,71.41,"Romance,Drama",56,0.53,0.87
USR-2351,59.21,72.46,Drama,52,0.3,0.9
USR-2352,39.62,79.99,Drama,81,0.52,0.8
USR-2353,48.02,72.83,"Romance,Drama",44,0.41,0.79
USR-2354,51.49,83.07,Drama,55,0.26,0.77
USR-2355,36.28,72.4,"Romance,Drama",66,0.44,0.93
USR-2356,56.51,63.12,"Drama,Romance",48,0.27,0.87
USR-2357,42.5,70.18,"Romance,Drama",56,0.27,1.0
USR-2358,35.89,71.1,"Drama,Romance",54,0.67,1.0
USR-2359,38.72,77.82,"Drama,Romance",61,0.39,0.98
USR-2360,38.72,72.98,"Drama,Romance",48,0.6,0.83
USR-2361,54.97,90.08,Drama,85,0.43,1.0
USR-2362,44.03,61.65,"Drama,Romance",51,0.62,0.93
USR-2363,52.39,74.04,Romance,49,0.53,0.81
USR-2364,55.66,68.29,Drama,68,0.48,0.87
USR-2365,38.51,58.38,Drama,51,0.53,0.96
USR-2366,42.66,66.06,"Romance,Drama",37,0.76,0.97
USR-2367,42.44,76.88,"Romance,Drama",62,0.75,0.91
USR-2368,50.85,71.11,"Drama,Romance",38,0.56,0.82
USR-2369,42.56,74.05,Romance,55,0.68,0.85
USR-2370,43.66,62.04,"Drama,Romance",46,0.51,0.92
USR-2371,48.29,81.1,"Drama,Romance",53,0.67,0.85
USR-2372,51.32,82.35,"Romance,Drama",57,0.5,0.83
USR-2373,56.83,61.09,"Romance,Drama",60,0.24,0.82
USR-2374,49.09,77.69,"Drama,Romance",69,0.39,0.86
USR-2375,39.49,74.12,Drama,27,0.56,0.89
USR-2376,41.36,59.43,"Romance,Drama",62,0.43,0.73
USR-2377,39.04,74.91,"Romance,Drama",46,0.47,1.0
USR-2378,33.73,91.42,Drama,56,0.63,0.83
USR-2379,55.55,59.79,Romance,50,0.39,1.0
USR-2380,49.14,79.52,"Drama,Romance",68,0.39,0.68
USR-2381,54.6,71.42,Romance,57,0.47,0.88
USR-2382,38.66,60.52,"Drama,Romance",63,0.25,0.95
USR-2383,50.1,69.81,"Romance,Drama",67,0.53,0.85
USR-2384,53.21,79.82,"Romance,Drama",46,0.51,0.86
USR-2385,36.47,83.78,"Romance,Drama",70,0.33,0.92
USR-2386,41.38,88.55,"Drama,Romance",45,0.43,0.95
USR-2387,32.6,100.02,Romance,57,0.33,0.79
USR-2388,50.21,79.07,Romance,53,0.68,0.95
USR-2389,51.3,73.25,"Drama,Romance",82,0.29,0.94
USR-2390,58.48,71.08,"Romance,Drama",65,0.67,0.98
USR-2391,53.91,77.11,"Romance,Drama",50,0.64,0.9
USR-2392,49.34,77.81,Romance,35,0.54,0.8
USR-2393,43.54,72.78,Drama,65,0.55,0.79
USR-2394,56.35,92.33,"Romance,Drama",56,0.58,0.85
USR-2395,47.68,79.01,"Drama,Romance",61,0.48,0.88
USR-2396,52.79,95.11,Romance,38,0.69,0.87
USR-2397,52.36,79.83,"Drama,Romance",37,0.6,1.0
USR-2398,50.98,75.84,"Romance,Drama",59,0.29,0.74
USR-2399,48.79,66.07,"Drama,Romance",62,0.52,0.92
USR-2400,40.0,71.21,"Romance,Drama",57,0.52,0.71
USR-2401,33.08,76.16,"Drama,Romance",49,0.48,0.9
USR-2402,31.9,59.88,"Romance,Drama",47,0.34,0.76
USR-2403,57.04,81.16,"Romance,Drama",56,0.63,1.0
USR-2404,40.8,73.11,Romance,51,0.67,0.8
USR-2405,50.1,80.94,Drama,62,0.44,0.83
USR-2406,55.52,69.52,Romance,58,0.22,0.9
USR-2407,55.38,86.39,"Romance,Drama",54,0.43,0.96
USR-2408,47.41,74.47,"Romance,Drama",64,0.74,0.85
USR-2409,42.02,63.06,"Romance,Drama",50,0.67,0.97
USR-2410,44.71,67.39,Drama,66,0.6,1.0
USR-2411,42.29,66.08,Drama,63,0.39,0.71
USR-2412,42.82,74.57,"Romance,Drama",51,0.68,0.86
USR-2413,48.63,72.65,Drama,70,0.68,0.81
USR-2414,37.35,78.47,"Drama,Romance",62,0.39,0.88
USR-2415,45.46,60.8,"Drama,Romance",60,0.62,0.89
USR-2416,48.48,74.76,Romance,63,0.51,0.89
USR-2417,59.23,81.77,"Romance,Drama",58,0.4,0.95
USR-2418,35.75,64.27,"Drama,Romance",59,0.36,0.9
USR-2419,51.5,69.38,Romance,63,0.5,0.84
USR-2420,35.88,86.78,"Romance,Drama",62,0.51,0.89
USR-2421,38.41,71.05,"Drama,Romance",50,0.52,0.84
USR-2422,51.02,90.82,"Drama,Romance",45,0.39,0.87
USR-2423,56.62,69.26,"Drama,Romance",35,0.23,0.9
USR-2424,47.02,70.17,"Romance,Drama",35,0.37,0.9
USR-2425,37.32,78.25,Romance,67,0.51,0.74
USR-2426,43.74,78.17,"Drama,Romance",51,0.31,0.86
USR-2427,44.92,87.88,Romance,66,0.44,1.0
USR-2428,49.22,77.05,Romance,53,0.62,0.86
USR-2429,38.89,65.52,Romance,41,0.81,0.92
USR-2430,48.28,64.48,"Drama,Romance",62,0.4,0.84
USR-2431,46.99,66.32,"Romance,Drama",49,0.39,0.94
USR-2432,34.47,79.08,"Drama,Romance",63,0.39,0.72
USR-2433,51.23,88.82,Drama,75,0.56,0.79
USR-2434,45.07,63.93,"Drama,Romance",62,0.53,0.77
USR-2435,49.28,67.25,Romance,55,0.35,0.93
USR-2436,45.63,65.1,Romance,81,0.52,0.93
USR-2437,35.03,77.88,Romance,53,0.55,0.8
USR-2438,44.9,72.21,Drama,57,0.39,0.92
USR-2439,32.4,79.73,Drama,51,0.66,0.79
USR-2440,43.32,82.58,"Romance,Drama",51,0.46,0.86
USR-2441,43.75,83.12,Drama,63,0.27,0.85
USR-2442,48.22,78.8,Drama,72,0.73,0.85
USR-2443,35.98,67.98,Drama,58,0.49,0.93
USR-2444,44.33,71.23,"Drama,Romance",71,0.75,0.85
USR-2445,34.46,72.32,"Drama,Romance",73,0.43,1.0
USR-2446,52.69,72.61,"Romance,Drama",33,0.48,0.88
USR-2447,49.55,64.78,Drama,46,0.62,0.94
USR-2448,54.05,78.49,Romance,31,0.65,0.87
USR-2449,54.78,71.56,Drama,59,0.31,0.68
USR-2450,47.12,72.07,"Drama,Romance",43,0.47,0.81
USR-2451,49.51,72.07,Romance,57,0.74,0.8
USR-2452,52.61,74.43,"Romance,Drama",63,0.38,0.86
USR-2453,35.6,73.0,"Romance,Drama",54,0.56,0.88
USR-2454,56.1,80.97,"Drama,Romance",54,0.4,0.96
USR-2455,34.72,76.21,Romance,70,0.49,0.86
USR-2456,52.73,77.8,Romance,41,0.53,0.88
USR-2457,44.72,65.96,"Drama,Romance",52,0.48,0.76
USR-2458,54.64,73.08,Romance,55,0.35,0.93
USR-2459,59.13,68.8,"Drama,Romance",72,0.61,0.95
USR-2460,42.1,59.62,"Romance,Drama",72,0.32,0.9
USR-2461,33.27,64.51,"Drama,Romance",53,0.74,0.87
USR-2462,48.27,86.38,"Romance,Drama",50,0.4,0.89
USR-2463,34.6,67.95,"Romance,Drama",63,0.45,0.79
USR-2464,55.61,84.95,"Drama,Romance",56,0.43,0.8
USR-2465,43.68,73.0,"Drama,Romance",50,0.65,0.94
USR-2466,56.34,65.08,Romance,50,0.57,0.95
USR-2467,46.89,67.44,"Drama,Romance",77,0.58,0.96
USR-2468,43.57,74.13,"Drama,Romance",65,0.63,0.92
USR-2469,47.4,71.95,Drama,28,0.29,0.93
USR-2470,46.11,79.45,"Romance,Drama",55,0.62,0.93
USR-2471,53.19,88.45,Romance,57,0.54,0.76
USR-2472,42.01,72.26,"Romance,Drama",67,0.36,0.88
USR-2473,39.82,82.43,Romance,52,0.43,0.84
USR-2474,49.13,79.93,"Drama,Romance",57,0.49,0.88
USR-2475,49.33,71.48,Romance,71,0.68,0.84
USR-2476,45.23,80.04,Romance,67,0.46,0.94
USR-2477,51.27,70.51,"Romance,Drama",41,0.51,0.93
USR-2478,37.37,83.94,Romance,50,0.43,0.98
USR-2479,41.49,84.52,"Romance,Drama",53,0.44,0.86
USR-2480,48.5,72.46,"Drama,Romance",54,0.52,0.79
USR-2481,44.11,72.82,Drama,53,0.74,0.8
USR-2482,32.44,79.56,Drama,59,0.72,0.76
USR-2483,43.41,94.97,Romance,74,0.43,0.84
USR-2484,43.88,63.91,"Drama,Romance",34,0.43,0.97
USR-2485,40.43,75.26,"Romance,Drama",57,0.63,0.76
USR-2486,39.07,84.92,Drama,61,0.65,0.73
USR-2487,49.82,82.11,Drama,44,0.44,0.9
USR-2488,44.59,82.45,"Drama,Romance",36,0.42,0.84
USR-2489,46.12,59.58,"Romance,Drama",54,0.6,0.89
USR-2490,45.01,84.59,Romance,39,0.72,0.91
USR-2491,44.97,76.22,Romance,64,0.49,0.88
USR-2492,37.7,71.3,Drama,45,0.57,0.89
USR-2493,53.94,76.65,Drama,45,0.75,0.85
USR-2494,36.14,75.97,Romance,49,0.39,0.85
USR-2495,45.85,84.11,"Drama,Romance",31,0.72,0.93
USR-2496,40.25,65.6,Romance,63,0.15,0.78
USR-2497,52.5,87.18,Romance,42,0.65,0.83
USR-2498,32.0,70.18,"Romance,Drama",59,0.51,0.8
USR-2499,49.23,79.87,Romance,57,0.15,0.91
USR-2500,48.94,74.18,Romance,65,0.52,0.8
USR-2501,42.82,59.97,"Romance,Drama",45,0.39,0.89
USR-2502,38.03,77.79,"Romance,Drama",65,0.76,0.92
USR-2503,52.68,84.99,"Drama,Romance",57,0.65,1.0
USR-2504,38.85,83.7,Romance,53,0.33,0.87
USR-2505,37.12,70.54,"Drama,Romance",49,0.44,0.89
USR-2506,33.89,60.99,"Drama,Romance",59,0.58,0.86
USR-2507,40.12,91.36,Romance,48,0.63,0.92
USR-2508,44.6,86.52,"Drama,Romance",52,0.51,0.95
USR-2509,47.45,66.15,Drama,55,0.48,0.91
USR-2510,51.62,79.48,"Romance,Drama",51,0.56,1.0
USR-2511,46.65,64.66,"Romance,Drama",62,0.61,0.85
USR-2512,48.32,86.82,"Drama,Romance",71,0.25,0.8
USR-2513,54.42,77.86,"Romance,Drama",51,0.7,0.96
USR-2514,48.77,60.45,Drama,54,0.46,0.84
USR-2515,49.99,57.98,"Romance,Drama",50,0.52,0.88
USR-2516,37.99,62.67,Drama,42,0.55,0.93
USR-2517,58.65,67.79,Romance,53,0.73,0.86
USR-2518,45.77,75.53,"Romance,Drama",63,0.55,0.91
USR-2519,43.71,72.16,"Drama,Romance",63,0.44,0.75
USR-2520,44.45,79.61,"Drama,Romance",76,0.44,0.79
USR-2521,49.99,68.85,"Romance,Drama",54,0.36,0.92
USR-2522,42.97,62.98,"Drama,Romance",44,0.63,0.92
USR-2523,49.43,81.99,"Romance,Drama",65,0.5,0.8
USR-2524,41.41,56.19,Drama,79,0.46,0.84
USR-2525,43.23,76.07,"Romance,Drama",73,0.29,0.89
USR-2526,45.19,81.44,Romance,53,0.4,0.85
USR-2527,46.07,72.68,"Drama,Romance",72,0.24,0.82
USR-2528,41.85,70.57,"Drama,Romance",63,0.67,0.78
USR-2529,45.05,72.14,Drama,64,0.51,0.96
USR-2530,44.49,77.43,Romance,54,0.61,0.85
USR-2531,42.96,78.38,Romance,72,0.22,0.83
USR-2532,45.29,77.71,Drama,73,0.5,0.72
USR-2533,54.98,67.24,Romance,56,0.66,0.93
USR-2534,42.74,61.32,"Drama,Romance",58,0.65,0.85
USR-2535,58.9,70.81,"Romance,Drama",57,0.49,0.85
USR-2536,48.94,65.66,Drama,40,0.62,0.95
USR-2537,56.33,74.39,Drama,57,0.35,1.0
USR-2538,53.43,72.91,"Romance,Drama",63,0.44,0.72
USR-2539,37.68,71.58,Romance,66,0.46,0.9
USR-2540,35.9,90.63,Drama,69,0.63,0.76
USR-2541,60.98,84.61,"Romance,Drama",43,0.38,0.78
USR-2542,49.31,75.58,"Drama,Romance",53,0.35,1.0
USR-2543,41.18,82.68,"Drama,Romance",45,0.65,0.78
USR-2544,43.74,76.96,Drama,48,0.49,0.82
USR-2545,50.39,79.5,Drama,47,0.19,0.91
USR-2546,46.54,79.0,"Romance,Drama",52,0.84,0.82
USR-2547,38.95,65.48,"Romance,Drama",51,0.38,0.93
USR-2548,56.43,78.23,"Drama,Romance",56,0.48,0.78
USR-2549,44.5,74.57,Drama,50,0.42,0.84
USR-2550,30.0,77.65,Drama,44,0.47,0.82
USR-2551,43.21,64.58,Romance,36,0.54,0.97
USR-2552,34.19,77.67,Drama,61,0.3,0.77
USR-2553,44.79,74.57,Romance,43,0.49,0.93
USR-2554,43.57,55.0,Romance,70,0.65,0.96
USR-2555,47.63,95.77,Romance,37,0.57,0.89
USR-2556,50.77,69.51,"Romance,Drama",32,0.42,0.81
USR-2557,37.24,84.23,Romance,59,0.42,0.89
USR-2558,52.69,62.96,Romance,46,0.54,0.88
USR-2559,42.62,55.0,Drama,51,0.4,0.87
USR-2560,35.45,73.31,"Drama,Romance",72,0.51,0.81
USR-2561,51.51,60.84,Romance,52,0.46,0.92
USR-2562,45.78,76.83,Drama,57,0.48,0.86
USR-2563,46.21,74.7,Romance,57,0.73,0.91
USR-2564,55.79,79.46,Romance,32,0.72,0.84
USR-2565,47.4,71.56,"Romance,Drama",53,0.44,0.81
USR-2566,48.02,75.68,Drama,59,0.72,0.83
USR-2567,58.38,82.78,Drama,58,0.5,0.85
USR-2568,35.62,82.89,"Drama,Romance",45,0.43,0.86
USR-2569,45.76,72.03,"Romance,Drama",54,0.54,0.92
USR-2570,43.74,96.77,Drama,52,0.58,0.87
USR-2571,32.84,83.09,Drama,52,0.57,0.93
USR-2572,46.05,78.88,"Drama,Romance",45,0.33,0.99
USR-2573,54.49,63.71,Romance,39,0.45,0.92
USR-2574,45.5,76.33,"Drama,Romance",42,0.6,0.93
USR-2575,49.41,62.94,"Romance,Drama",45,0.46,0.88
USR-2576,35.69,69.84,Drama,59,0.33,0.78
USR-2577,42.85,92.56,"Romance,Drama",60,0.43,0.95
USR-2578,49.05,66.67,Romance,41,0.59,0.84
USR-2579,42.06,77.64,"Drama,Romance",46,0.67,0.84
USR-2580,47.08,64.32,"Romance,Drama",59,0.3,0.81
USR-2581,33.68,62.24,Drama,57,0.55,0.89
USR-2582,43.74,82.4,Drama,55,0.5,1.0
USR-2583,30.0,67.54,Drama,51,0.74,0.91
USR-2584,47.24,81.53,Drama,59,0.68,0.75
USR-2585,46.94,63.12,"Drama,Romance",57,0.75,0.75
USR-2586,41.49,81.4,"Drama,Romance",59,0.71,0.91
USR-2587,47.27,73.57,Romance,53,0.32,0.95
USR-2588,49.77,94.75,"Drama,Romance",42,0.26,0.91
USR-2589,45.83,79.51,"Drama,Romance",48,0.39,0.91
USR-2590,54.41,72.8,"Romance,Drama",57,0.5,0.86
USR-2591,51.48,70.66,Drama,45,0.43,0.87
USR-2592,34.49,58.81,Romance,47,0.39,0.96
USR-2593,40.19,67.69,Romance,80,0.66,0.96
USR-2594,54.76,65.01,Drama,40,0.33,0.83
USR-2595,35.39,66.98,Romance,58,0.54,0.81
USR-2596,51.14,68.25,Romance,53,0.59,0.93
USR-2597,41.37,64.09,"Drama,Romance",61,0.81,0.93
USR-2598,49.54,78.78,"Drama,Romance",42,0.44,0.95
USR-2599,56.94,74.73,"Romance,Drama",58,0.5,1.0
USR-2600,35.79,64.01,Romance,75,0.47,0.88
USR-2601,42.15,69.34,Romance,53,0.45,0.9
USR-2602,37.61,85.27,Drama,65,0.59,0.87
USR-2603,40.69,66.61,Romance,74,0.64,0.95
USR-2604,48.77,63.94,Romance,54,0.67,1.0
USR-2605,60.72,76.99,Romance,57,0.65,0.82
USR-2606,51.97,79.89,"Drama,Romance",58,0.61,0.95
USR-2607,46.9,68.13,"Drama,Romance",34,0.66,0.88
USR-2608,42.09,66.49,Drama,52,0.52,0.9
USR-2609,42.13,79.28,"Romance,Drama",62,0.39,0.88
USR-2610,46.93,76.81,Romance,65,0.39,0.87
USR-2611,59.1,55.46,"Romance,Drama",52,0.23,0.69
USR-2612,41.39,72.22,Romance,70,0.45,0.92
USR-2613,49.54,71.71,Drama,59,0.34,0.93
USR-2614,49.19,64.36,Drama,45,0.52,0.95
USR-2615,45.46,89.48,Drama,55,0.39,0.81
USR-2616,51.26,81.61,Romance,62,0.41,1.0
USR-2617,54.34,80.76,Drama,42,0.24,0.84
USR-2618,42.22,78.73,"Drama,Romance",57,0.41,0.81
USR-2619,32.49,70.52,Drama,72,0.53,0.93
USR-2620,34.76,84.75,Drama,70,0.65,0.84
USR-2621,40.19,84.09,Romance,47,0.52,0.98
USR-2622,40.22,83.01,Romance,45,0.62,0.81
USR-2623,41.47,87.13,Drama,64,0.51,0.79
USR-2624,49.44,67.57,Drama,76,0.52,1.0
USR-2625,50.44,81.53,Romance,57,0.46,0.74
USR-2626,45.38,81.41,"Romance,Drama",66,0.48,0.89
USR-2627,44.47,86.72,"Drama,Romance",51,0.45,0.93
USR-2628,60.89,75.11,Drama,52,0.51,0.83
USR-2629,48.07,79.1,Romance,60,0.57,0.74
USR-2630,50.78,67.96,"Romance,Drama",41,0.42,0.82
USR-2631,34.27,72.32,"Romance,Drama",56,0.54,0.95
USR-2632,59.36,61.72,Drama,54,0.45,0.86
USR-2633,40.69,78.91,Romance,66,0.57,0.95
USR-2634,43.67,68.09,Drama,42,0.32,1.0
USR-2635,56.32,79.36,"Romance,Drama",62,0.53,0.8
USR-2636,35.64,80.93,Drama,73,0.41,0.7
USR-2637,36.68,71.2,Drama,53,0.74,0.93
USR-2638,48.29,70.4,Romance,48,0.5,0.91
USR-2639,35.69,65.59,Drama,61,0.48,0.87
USR-2640,55.85,67.73,Romance,77,0.52,0.85
USR-2641,42.01,79.92,"Romance,Drama",85,0.43,0.94
USR-2642,33.94,71.48,Romance,53,0.52,0.87
USR-2643,45.39,78.63,Drama,56,0.33,0.91
USR-2644,38.23,66.3,Drama,51,0.44,0.79
USR-2645,33.29,67.69,Drama,52,0.61,0.83
USR-2646,39.81,76.04,Drama,68,0.47,0.79
USR-2647,47.28,73.23,Romance,55,0.37,0.84
USR-2648,35.44,74.69,Drama,67,0.59,0.83
USR-2649,41.66,94.32,Drama,58,0.48,0.68
USR-2650,49.76,87.67,Romance,56,0.55,0.78
USR-2651,55.32,82.68,Romance,47,0.47,0.87
USR-2652,50.12,87.58,Drama,68,0.6,0.82
USR-2653,47.79,86.33,"Romance,Drama",39,0.34,0.9
USR-2654,61.88,66.47,"Romance,Drama",51,0.72,1.0
USR-2655,50.1,79.38,"Drama,Romance",60,0.51,0.88
USR-2656,54.97,87.65,"Drama,Romance",36,0.66,0.88
USR-2657,43.3,61.37,"Drama,Romance",32,0.36,0.95
USR-2658,30.0,84.69,Drama,61,0.52,0.99
USR-2659,55.35,62.53,"Drama,Romance",47,0.51,0.84
USR-2660,39.86,82.6,Romance,40,0.38,0.95
USR-2661,48.13,56.58,"Romance,Drama",68,0.47,0.76
USR-2662,52.3,89.17,"Romance,Drama",47,0.45,0.94
USR-2663,42.84,60.52,Drama,39,0.59,0.94
USR-2664,46.05,68.98,Drama,66,0.45,0.89
USR-2665,39.93,79.25,"Romance,Drama",63,0.46,0.85
USR-2666,45.75,74.36,"Drama,Romance",65,0.46,0.81
USR-2667,47.2,77.28,"Drama,Romance",49,0.48,0.87
USR-2668,49.79,70.7,Drama,50,0.7,0.94
USR-2669,53.51,77.6,"Drama,Romance",59,0.49,0.96
USR-2670,47.75,75.09,"Romance,Drama",58,0.42,0.84
USR-2671,39.62,64.37,Drama,44,0.47,0.89
USR-2672,43.97,55.0,"Romance,Drama",73,0.46,0.98
USR-2673,49.24,75.21,"Drama,Romance",77,0.36,0.9
USR-2674,36.45,74.13,"Romance,Drama",59,0.42,0.89
USR-2675,34.06,79.51,Romance,48,0.62,0.83
USR-2676,52.87,85.0,Drama,34,0.62,0.89
USR-2677,39.05,89.12,Romance,57,0.3,0.89
USR-2678,49.74,78.65,"Drama,Romance",67,0.49,0.89
USR-2679,45.53,62.44,Drama,57,0.49,0.81
USR-2680,58.18,69.25,Romance,41,0.48,0.85
USR-2681,35.29,72.33,"Drama,Romance",62,0.4,0.95
USR-2682,56.49,81.03,Romance,52,0.42,0.83
USR-2683,39.31,74.5,"Romance,Drama",63,0.89,0.92
USR-2684,31.07,70.75,"Romance,Drama",56,0.36,0.89
USR-2685,59.19,79.05,Romance,42,0.58,0.77
USR-2686,59.24,67.03,Drama,52,0.51,0.88
USR-2687,57.35,80.99,Drama,52,0.48,1.0
USR-2688,53.12,65.7,Drama,56,0.48,0.84
USR-2689,47.96,62.1,Drama,25,0.68,0.97
USR-2690,43.31,80.46,Romance,44,0.25,0.83
USR-2691,39.25,73.41,"Romance,Drama",54,0.49,0.98
USR-2692,46.11,70.21,"Romance,Drama",67,0.75,1.0
USR-2693,30.0,75.03,Romance,55,0.47,0.98
USR-2694,47.63,81.69,"Drama,Romance",55,0.47,0.9
USR-2695,49.2,81.79,Romance,54,0.42,0.97
USR-2696,36.62,70.2,"Romance,Drama",67,0.48,0.95
USR-2697,42.41,61.0,Drama,51,0.42,0.87
USR-2698,41.63,78.38,Romance,57,0.66,0.96
USR-2699,37.18,85.26,"Drama,Romance",48,0.89,0.85
USR-2700,58.58,62.6,"Drama,Romance",43,0.43,0.86
USR-2701,43.79,73.12,"Romance,Drama",45,0.67,0.98
USR-2702,53.12,78.72,Romance,56,0.47,0.9
USR-2703,38.74,69.39,"Romance,Drama",43,0.67,1.0
USR-2704,48.95,83.96,Romance,52,0.53,0.83
USR-2705,48.49,60.23,"Drama,Romance",52,0.64,0.8
USR-2706,40.2,64.93,"Romance,Drama",56,0.37,0.98
USR-2707,46.28,65.87,"Drama,Romance",69,0.52,1.0
USR-2708,56.0,81.0,Drama,55,0.21,0.89
USR-2709,35.92,72.44,"Romance,Drama",43,0.5,0.87
USR-2710,35.41,75.49,Drama,66,0.62,0.73
USR-2711,60.89,68.09,Drama,32,0.49,0.9
USR-2712,45.35,68.93,"Drama,Romance",43,0.46,0.96
USR-2713,50.74,77.89,Romance,35,0.32,0.97
USR-2714,37.21,57.63,Drama,77,0.45,0.77
USR-2715,53.04,74.04,Romance,59,0.64,0.85
USR-2716,51.34,67.8,"Drama,Romance",38,0.28,0.8
USR-2717,37.81,77.55,"Drama,Romance",53,0.7,0.84
USR-2718,50.59,74.34,"Drama,Romance",53,0.64,0.89
USR-2719,46.62,76.61,Romance,49,0.74,0.73
USR-2720,42.09,63.12,Drama,59,0.33,0.82
USR-2721,47.46,62.4,"Drama,Romance",49,0.17,0.81
USR-2722,36.5,81.44,"Romance,Drama",58,0.38,0.87
USR-2723,50.21,69.8,"Romance,Drama",58,0.55,0.98
USR-2724,41.01,66.3,"Drama,Romance",40,0.48,0.91
USR-2725,30.0,78.12,Romance,68,0.4,0.86
USR-2726,54.42,86.45,Romance,46,0.38,0.94
USR-2727,44.08,81.97,"Romance,Drama",49,0.57,0.92
USR-2728,56.15,84.78,Romance,51,0.43,0.79
USR-2729,51.71,84.98,Drama,69,0.52,0.85
USR-2730,34.54,76.79,"Romance,Drama",41,0.45,0.72
USR-2731,40.86,90.14,Drama,45,0.53,1.0
USR-2732,48.51,70.73,Drama,36,0.42,0.82
USR-2733,59.19,69.93,Romance,72,0.37,0.93
USR-2734,37.16,86.64,"Romance,Drama",57,0.48,1.0
USR-2735,33.89,95.86,Romance,44,0.36,0.76
USR-2736,42.17,83.92,"Drama,Romance",57,0.56,0.74
USR-2737,33.53,60.53,"Romance,Drama",35,0.46,0.98
USR-2738,42.21,69.4,Drama,65,0.46,0.91
USR-2739,52.08,89.78,Romance,61,0.19,0.84
USR-2740,50.6,70.21,"Drama,Romance",70,0.45,0.9
USR-2741,40.47,74.22,Drama,69,0.82,0.77
USR-2742,31.58,71.79,"Drama,Romance",36,0.49,0.89
USR-2743,64.89,90.03,Drama,52,0.2,0.88
USR-2744,46.53,79.75,"Drama,Romance",46,0.38,0.82
USR-2745,51.83,72.7,Romance,27,0.33,0.75
USR-2746,48.53,69.34,Drama,48,0.44,0.88
USR-2747,43.34,64.77,Drama,50,0.28,0.96
USR-2748,47.08,66.56,"Romance,Drama",50,0.43,0.9
USR-2749,43.7,73.57,"Romance,Drama",32,0.48,0.91
USR-2750,54.25,55.0,"Drama,Romance",41,0.69,0.98
USR-2751,49.43,79.68,"Romance,Drama",73,0.64,0.64
USR-2752,57.84,81.15,"Drama,Romance",79,0.72,0.94
USR-2753,48.29,93.88,"Drama,Romance",36,0.45,0.91
USR-2754,46.56,62.78,"Romance,Drama",35,0.59,0.77
USR-2755,43.77,91.5,Drama,34,0.43,0.86
USR-2756,42.27,74.49,"Drama,Romance",60,0.48,0.96
USR-2757,48.91,72.54,"Drama,Romance",55,0.68,0.83
USR-2758,49.84,76.61,Drama,55,0.49,1.0
USR-2759,49.22,64.27,Romance,53,0.53,0.84
USR-2760,43.46,74.86,Romance,57,0.15,0.87
USR-2761,47.11,65.34,Drama,41,0.46,0.85
USR-2762,48.11,69.02,"Romance,Drama",47,0.4,0.96
USR-2763,45.46,66.35,"Romance,Drama",46,0.4,0.84
USR-2764,41.54,62.48,Drama,41,0.6,0.95
USR-2765,43.32,77.14,"Romance,Drama",50,0.47,0.98
USR-2766,55.71,71.46,"Drama,Romance",47,0.67,0.95
USR-2767,38.93,66.46,Romance,58,0.3,0.96
USR-2768,42.0,72.65,Romance,38,0.4,0.88
USR-2769,39.47,73.81,"Drama,Romance",46,0.59,0.98
USR-2770,48.11,80.2,Romance,62,0.48,0.93
USR-2771,56.48,76.97,"Romance,Drama",38,0.37,0.81
USR-2772,40.53,69.66,Romance,57,0.34,0.95
USR-2773,51.3,61.8,"Romance,Drama",55,0.57,0.88
USR-2774,49.93,70.98,"Romance,Drama",58,0.36,0.8
USR-2775,47.64,71.58,Drama,43,0.42,0.76
USR-2776,50.12,73.26,Drama,34,0.49,0.87
USR-2777,57.65,59.48,"Drama,Romance",45,0.5,0.88
USR-2778,42.05,64.79,"Romance,Drama",51,0.56,0.89
USR-2779,44.96,85.38,Romance,55,0.34,0.82
USR-2780,42.23,64.59,"Drama,Romance",52,0.76,0.69
USR-2781,47.86,74.38,Romance,63,0.44,0.68
USR-2782,50.95,63.95,"Drama,Romance",42,0.55,0.93
USR-2783,53.99,79.45,"Romance,Drama",45,0.83,0.82
USR-2784,53.7,81.59,Romance,58,0.5,0.82
USR-2785,55.82,63.46,"Romance,Drama",20,0.31,0.82
USR-2786,48.19,76.6,"Romance,Drama",52,0.66,0.94
USR-2787,42.27,81.32,"Drama,Romance",76,0.57,0.8
USR-2788,47.86,80.77,Drama,47,0.51,0.98
USR-2789,51.18,72.19,"Romance,Drama",50,0.58,0.96
USR-2790,47.46,88.99,"Romance,Drama",52,0.54,0.89
USR-2791,36.5,72.15,Drama,47,0.44,0.78
USR-2792,47.81,76.93,"Romance,Drama",69,0.51,0.9
USR-2793,50.17,65.16,Drama,68,0.47,0.84
USR-2794,40.47,73.5,Drama,54,0.67,0.68
USR-2795,42.57,76.03,Romance,39,0.7,0.92
USR-2796,33.82,80.87,"Romance,Drama",66,0.28,0.89
USR-2797,57.64,76.38,"Drama,Romance",47,0.59,0.75
USR-2798,53.43,66.1,"Romance,Drama",43,0.4,0.85
USR-2799,36.55,77.4,"Romance,Drama",52,0.66,0.88
USR-2800,52.45,87.1,"Drama,Romance",47,0.54,0.83
USR-2801,57.03,73.4,"Romance,Drama",72,0.25,0.91
USR-2802,46.0,81.44,"Romance,Drama",46,0.55,0.85
USR-2803,39.46,62.22,Drama,33,0.65,0.98
USR-2804,43.55,71.32,"Romance,Drama",60,0.39,0.96
USR-2805,50.94,55.0,Romance,47,0.53,0.84
USR-2806,38.06,63.41,Romance,73,0.29,0.92
USR-2807,45.79,84.86,"Romance,Drama",57,0.49,0.64
USR-2808,58.04,78.42,"Romance,Drama",58,0.66,0.83
USR-2809,47.71,61.0,"Romance,Drama",61,0.47,0.91
USR-2810,38.56,65.31,Drama,57,0.3,0.9
USR-2811,41.48,69.06,"Drama,Romance",44,0.64,0.88
USR-2812,43.13,72.95,"Romance,Drama",60,0.57,1.0
USR-2813,48.36,79.62,"Drama,Romance",42,0.34,0.82
USR-2814,53.32,59.81,Romance,59,0.32,0.91
USR-2815,32.71,77.08,Romance,48,0.47,0.79
USR-2816,57.03,62.07,Drama,71,0.64,0.97
USR-2817,48.41,66.88,"Drama,Romance",54,0.44,0.78
USR-2818,30.0,64.65,"Drama,Romance",68,0.53,0.85
USR-2819,31.61,81.78,"Drama,Romance",31,0.85,1.0
USR-2820,47.41,62.57,"Drama,Romance",66,0.56,0.8
USR-2821,44.18,83.0,Romance,62,0.58,0.9
USR-2822,53.0,70.74,Drama,57,0.21,0.86
USR-2823,45.08,75.24,Drama,67,0.58,0.95
USR-2824,33.05,72.56,"Drama,Romance",51,0.61,0.85
USR-2825,51.93,56.43,Drama,60,0.49,0.95
USR-2826,35.11,68.02,"Drama,Romance",53,0.62,0.95
USR-2827,36.84,96.48,Drama,63,0.59,0.92
USR-2828,54.34,83.94,Romance,53,0.46,0.96
USR-2829,42.44,68.13,Drama,65,0.15,1.0
USR-2830,57.26,71.65,Drama,55,0.36,0.93
USR-2831,46.57,58.08,Romance,56,0.52,0.86
USR-2832,54.53,70.82,"Romance,Drama",57,0.43,1.0
USR-2833,45.51,84.47,"Drama,Romance",57,0.49,0.98
USR-2834,44.07,85.55,"Romance,Drama",53,0.5,0.72
USR-2835,36.84,71.4,Romance,48,0.41,0.88
USR-2836,35.75,76.85,"Drama,Romance",71,0.71,0.96
USR-2837,41.56,91.65,"Romance,Drama",46,0.62,0.94
USR-2838,51.82,91.0,Romance,55,0.4,0.9
USR-2839,45.24,61.99,Drama,51,0.45,0.83
USR-2840,40.53,69.29,"Drama,Romance",38,0.72,0.85
USR-2841,41.1,77.45,"Drama,Romance",69,0.78,0.74
USR-2842,36.78,66.77,Drama,49,0.38,0.8
USR-2843,46.64,78.55,Drama,46,0.17,0.8
USR-2844,41.88,71.78,Romance,41,0.36,0.85
USR-2845,33.1,71.05,Romance,53,0.37,0.95
USR-2846,49.04,73.37,"Romance,Drama",45,0.56,0.9
USR-2847,53.51,81.14,Drama,60,0.64,0.89
USR-2848,51.07,66.83,"Drama,Romance",49,0.56,0.91
USR-2849,36.19,86.75,"Drama,Romance",57,0.39,1.0
USR-2850,49.87,73.3,Drama,48,0.52,1.0
USR-2851,30.13,65.61,"Sci-Fi,Horror",31,0.57,0.7
USR-2852,23.57,55.34,Sci-Fi,30,0.55,0.8
USR-2853,23.69,47.21,"Horror,Thriller",19,0.67,0.53
USR-2854,23.49,45.57,"Documentary,Thriller",25,0.65,0.63
USR-2855,17.91,49.09,"Thriller,Sci-Fi",35,0.62,0.57
USR-2856,22.42,62.09,Thriller,20,0.69,0.92
USR-2857,32.61,49.98,"Documentary,Sci-Fi",32,0.8,0.87
USR-2858,29.69,62.49,"Sci-Fi,Thriller",24,0.65,0.65
USR-2859,24.8,70.04,"Sci-Fi,Thriller",31,0.74,0.75
USR-2860,22.03,57.91,"Documentary,Sci-Fi",21,0.49,0.9
USR-2861,25.8,63.14,"Sci-Fi,Horror",25,0.68,0.9
USR-2862,23.59,66.73,Horror,28,0.63,0.81
USR-2863,21.29,50.97,"Horror,Documentary",34,0.68,0.95
USR-2864,22.35,61.84,"Horror,Documentary",18,0.81,0.72
USR-2865,30.64,45.0,Documentary,35,0.83,0.61
USR-2866,26.32,51.11,Thriller,39,0.65,0.57
USR-2867,21.79,69.44,Documentary,45,0.78,0.69
USR-2868,22.09,66.71,"Sci-Fi,Documentary",33,0.98,0.76
USR-2869,22.37,62.91,Documentary,40,0.67,0.64
USR-2870,23.19,58.28,"Documentary,Horror",41,0.58,0.55
USR-2871,22.9,60.11,Thriller,26,0.62,0.82
USR-2872,19.88,61.24,Thriller,25,0.72,0.91
USR-2873,29.75,72.31,"Thriller,Sci-Fi",19,0.64,0.74
USR-2874,20.91,57.03,"Sci-Fi,Horror",16,0.69,0.84
USR-2875,22.71,62.09,Thriller,24,0.51,0.78
USR-2876,31.67,59.52,Horror,36,0.63,0.76
USR-2877,17.41,70.7,"Horror,Sci-Fi",15,0.77,0.58
USR-2878,24.42,58.72,"Documentary,Thriller",36,0.79,0.75
USR-2879,24.09,62.32,Documentary,16,0.59,0.87
USR-2880,22.58,62.12,Documentary,26,0.6,0.91
USR-2881,18.41,62.88,"Horror,Sci-Fi",46,0.77,0.78
USR-2882,14.0,57.71,"Documentary,Thriller",33,0.62,0.95
USR-2883,24.36,70.63,"Thriller,Documentary",31,0.65,0.72
USR-2884,18.94,70.77,Sci-Fi,26,0.55,0.85
USR-2885,20.27,58.8,Sci-Fi,30,0.65,0.88
USR-2886,24.73,85.0,Sci-Fi,33,0.66,0.71
USR-2887,24.36,56.85,Sci-Fi,39,0.49,0.75
USR-2888,20.34,64.45,Documentary,28,0.77,0.78
USR-2889,26.3,77.68,"Thriller,Horror",27,0.79,0.81
USR-2890,28.54,59.48,"Horror,Sci-Fi",40,0.72,0.92
USR-2891,22.8,45.0,"Horror,Sci-Fi",28,0.66,0.84
USR-2892,27.29,47.71,Thriller,29,0.44,0.94
USR-2893,24.03,65.4,"Horror,Sci-Fi",17,0.67,0.86
USR-2894,24.28,75.65,Documentary,23,0.83,0.88
USR-2895,24.44,64.65,Sci-Fi,35,0.78,0.68
USR-2896,24.4,61.35,Sci-Fi,36,0.55,0.86
USR-2897,21.46,68.52,Sci-Fi,15,0.74,0.84
USR-2898,28.85,64.62,"Horror,Documentary",10,0.65,0.85
USR-2899,20.08,67.66,"Documentary,Horror",34,0.75,0.72
USR-2900,26.82,45.0,"Horror,Documentary",10,0.67,0.87
USR-2901,17.99,69.06,"Thriller,Documentary",41,0.62,0.72
USR-2902,18.93,56.96,"Thriller,Horror",20,0.76,0.82
USR-2903,18.77,56.58,Horror,37,0.78,0.76
USR-2904,17.02,62.1,"Thriller,Horror",39,0.62,0.87
USR-2905,18.97,63.61,Documentary,30,0.65,0.66
USR-2906,22.87,51.52,Documentary,27,0.78,0.87
USR-2907,22.56,62.52,Sci-Fi,32,0.52,0.49
USR-2908,18.92,60.77,"Sci-Fi,Horror",37,0.71,0.84
USR-2909,19.52,61.43,Sci-Fi,30,0.59,0.65
USR-2910,22.87,67.29,"Documentary,Thriller",22,0.73,0.57
USR-2911,26.16,60.29,Thriller,25,0.83,0.79
USR-2912,32.64,65.31,Sci-Fi,31,0.64,0.79
USR-2913,19.93,56.0,"Sci-Fi,Horror",36,0.7,0.86
USR-2914,23.09,67.38,"Horror,Documentary",31,0.53,0.7
USR-2915,35.57,63.66,Documentary,44,0.59,0.9
USR-2916,22.93,55.27,"Sci-Fi,Documentary",26,0.87,0.78
USR-2917,30.61,57.59,Horror,43,0.5,0.78
USR-2918,24.17,57.9,"Sci-Fi,Documentary",26,0.51,0.81
USR-2919,29.37,68.96,Documentary,27,0.87,0.86
USR-2920,27.52,69.12,Horror,33,0.85,0.71
USR-2921,18.72,65.96,"Sci-Fi,Documentary",29,0.48,0.83
USR-2922,31.96,56.28,Thriller,23,0.81,0.77
USR-2923,24.2,71.59,Horror,21,0.79,0.74
USR-2924,25.0,59.13,"Documentary,Sci-Fi",35,0.66,0.87
USR-2925,29.85,69.29,"Horror,Thriller",28,0.67,0.85
USR-2926,19.19,61.57,Horror,24,0.94,0.69
USR-2927,20.75,62.46,Sci-Fi,33,0.58,0.74
USR-2928,16.37,60.44,"Sci-Fi,Documentary",27,0.69,0.74
USR-2929,22.34,62.64,Documentary,29,0.64,0.76
USR-2930,20.43,59.12,"Sci-Fi,Documentary",46,0.71,0.61
USR-2931,23.26,53.62,Sci-Fi,24,0.66,0.76
USR-2932,34.77,65.17,"Thriller,Horror",26,0.67,0.65
USR-2933,14.76,77.89,"Thriller,Documentary",16,0.65,0.76
USR-2934,27.83,54.37,"Sci-Fi,Thriller",25,0.44,0.68
USR-2935,27.15,52.2,"Horror,Sci-Fi",37,0.78,0.89
USR-2936,23.98,61.24,Documentary,32,0.48,0.68
USR-2937,18.73,67.81,"Sci-Fi,Thriller",24,0.66,0.98
USR-2938,29.6,73.01,Thriller,24,0.51,0.55
USR-2939,29.64,54.87,"Documentary,Thriller",43,0.66,0.89
USR-2940,22.42,49.36,Horror,20,0.65,0.73
USR-2941,25.76,74.05,"Horror,Documentary",31,0.46,0.67
USR-2942,20.59,68.11,Thriller,37,0.45,0.86
USR-2943,26.55,66.63,Documentary,23,0.7,0.61
USR-2944,21.6,64.91,Horror,21,0.56,0.8
USR-2945,23.16,64.79,Documentary,25,0.75,0.67
USR-2946,20.95,67.85,"Thriller,Documentary",25,0.68,0.84
USR-2947,14.0,72.65,Horror,41,0.63,0.81
USR-2948,26.44,56.42,Thriller,29,0.51,0.79
USR-2949,27.5,72.23,"Thriller,Sci-Fi",33,0.62,0.95
USR-2950,29.81,64.15,"Horror,Sci-Fi",39,0.57,0.71
USR-2951,17.25,66.73,Sci-Fi,17,0.83,0.7
USR-2952,30.79,45.0,Horror,26,0.88,0.5
USR-2953,28.33,70.55,"Horror,Sci-Fi",34,0.78,0.65
USR-2954,30.0,63.67,"Horror,Documentary",31,0.49,0.77
USR-2955,31.72,52.52,Documentary,23,0.74,0.87
USR-2956,20.06,73.1,"Documentary,Thriller",33,0.65,0.82
USR-2957,34.18,68.03,Documentary,24,0.68,0.8
USR-2958,27.33,63.92,"Thriller,Horror",45,0.65,0.57
USR-2959,25.07,58.47,"Sci-Fi,Horror",27,0.82,0.6
USR-2960,25.75,79.76,"Sci-Fi,Documentary",28,0.5,0.8
USR-2961,25.21,80.69,Sci-Fi,36,0.9,0.89
USR-2962,19.28,67.26,"Thriller,Horror",24,0.6,0.89
USR-2963,26.19,70.19,Thriller,38,0.8,0.81
USR-2964,26.1,68.92,Thriller,31,0.67,0.74
USR-2965,25.91,80.12,Thriller,28,0.77,0.92
USR-2966,21.38,77.68,Thriller,32,0.63,0.83
USR-2967,23.79,62.59,Thriller,20,0.55,0.82
USR-2968,32.01,59.18,"Horror,Sci-Fi",35,0.64,0.65
USR-2969,14.0,59.9,"Thriller,Sci-Fi",35,0.57,0.79
USR-2970,27.54,56.72,"Documentary,Sci-Fi",31,0.49,0.62
USR-2971,26.91,62.44,"Thriller,Documentary",35,0.89,0.89
USR-2972,26.63,61.57,Thriller,28,0.68,0.81
USR-2973,17.97,64.11,Thriller,25,0.6,0.81
USR-2974,26.39,57.17,"Horror,Thriller",40,0.84,0.59
USR-2975,20.11,62.93,"Sci-Fi,Thriller",31,0.67,0.64
USR-2976,16.07,60.93,"Documentary,Thriller",46,0.73,0.54
USR-2977,24.4,68.6,Horror,35,0.85,0.61
USR-2978,23.1,69.38,Horror,18,0.79,0.81
USR-2979,31.05,51.66,"Thriller,Horror",33,0.72,0.75
USR-2980,20.08,59.4,Documentary,30,0.61,0.89
USR-2981,22.45,63.18,"Thriller,Horror",25,0.52,0.75
USR-2982,31.25,57.13,"Documentary,Horror",25,0.8,0.65
USR-2983,22.55,82.31,Horror,30,0.71,0.68
USR-2984,27.99,59.07,Horror,20,0.85,0.73
USR-2985,14.7,59.85,Sci-Fi,24,0.56,0.62
USR-2986,23.89,63.21,"Horror,Sci-Fi",35,0.65,0.8
USR-2987,23.33,69.51,Documentary,46,0.62,0.86
USR-2988,27.85,60.88,Thriller,34,0.64,0.71
USR-2989,21.69,51.57,Sci-Fi,39,0.87,0.9
USR-2990,30.35,59.24,"Documentary,Horror",24,0.59,0.86
USR-2991,25.14,61.38,"Documentary,Horror",23,0.6,0.86
USR-2992,29.21,66.41,Thriller,45,0.68,0.83
USR-2993,14.55,45.0,"Thriller,Horror",32,0.66,0.93
USR-2994,23.82,76.42,"Thriller,Horror",28,0.4,0.78
USR-2995,17.0,61.52,Documentary,34,0.76,0.5
USR-2996,17.43,59.56,Horror,34,0.74,0.84
USR-2997,22.08,59.38,Horror,24,0.77,0.67
USR-2998,28.25,63.66,Thriller,29,0.6,0.74
USR-2999,14.0,60.42,"Sci-Fi,Horror",32,0.56,0.87
USR-3000,23.68,50.11,"Horror,Documentary",16,0.55,0.67
USR-3001,25.99,51.49,Sci-Fi,48,0.58,0.72
USR-3002,19.98,69.48,Sci-Fi,47,0.52,0.9
USR-3003,32.79,73.62,"Thriller,Sci-Fi",30,0.64,0.73
USR-3004,25.03,61.47,"Thriller,Horror",35,0.69,0.72
USR-3005,19.99,62.76,Thriller,24,0.83,0.71
USR-3006,31.53,61.76,Sci-Fi,24,0.76,0.69
USR-3007,24.6,45.0,Documentary,23,0.83,0.55
USR-3008,16.86,65.62,"Thriller,Sci-Fi",31,0.75,0.93
USR-3009,23.75,57.65,"Thriller,Horror",36,0.65,0.84
USR-3010,28.81,57.49,"Thriller,Sci-Fi",27,0.73,0.57
USR-3011,26.33,53.0,"Documentary,Horror",24,0.52,0.76
USR-3012,22.67,67.29,"Sci-Fi,Thriller",31,0.55,0.88
USR-3013,32.09,52.42,"Horror,Thriller",20,0.53,0.61
USR-3014,23.03,58.71,Sci-Fi,32,0.68,0.65
USR-3015,26.56,48.67,"Thriller,Sci-Fi",26,0.65,0.8
USR-3016,21.18,55.23,"Sci-Fi,Thriller",41,0.72,0.83
USR-3017,19.97,63.15,Sci-Fi,17,0.73,0.8
USR-3018,22.49,58.53,"Horror,Thriller",15,0.79,0.8
USR-3019,27.53,61.94,Thriller,48,0.58,0.63
USR-3020,18.93,63.96,Documentary,15,0.5,0.71
USR-3021,18.82,59.72,"Documentary,Horror",28,0.76,0.95
USR-3022,22.58,62.05,Documentary,33,0.66,0.77
USR-3023,26.43,78.86,"Sci-Fi,Documentary",21,0.84,0.88
USR-3024,25.44,58.05,Thriller,39,0.76,0.66
USR-3025,24.86,45.0,Horror,39,0.68,0.59
USR-3026,27.14,75.06,"Horror,Documentary",22,0.55,0.69
USR-3027,19.7,56.2,"Horror,Documentary",19,0.76,0.72
USR-3028,23.81,69.52,"Thriller,Sci-Fi",15,0.57,0.76
USR-3029,31.38,73.77,Thriller,40,0.42,0.65
USR-3030,18.96,61.56,"Horror,Thriller",15,0.81,0.54
USR-3031,29.16,68.97,Horror,27,0.61,0.73
USR-3032,22.32,60.05,Horror,28,0.75,0.86
USR-3033,38.63,52.35,"Documentary,Thriller",32,0.85,0.88
USR-3034,17.96,67.48,"Sci-Fi,Thriller",13,0.75,0.82
USR-3035,33.53,62.87,Documentary,27,0.73,0.83
USR-3036,19.14,65.1,Thriller,47,0.82,0.68
USR-3037,35.69,67.51,Thriller,35,0.69,0.78
USR-3038,23.33,69.79,Horror,36,0.66,0.6
USR-3039,24.18,56.26,"Thriller,Documentary",21,0.49,0.82
USR-3040,24.13,61.91,"Sci-Fi,Documentary",34,0.84,0.75
USR-3041,33.5,62.4,"Sci-Fi,Horror",29,0.81,0.83
USR-3042,22.36,74.17,Sci-Fi,26,0.46,0.95
USR-3043,30.8,51.07,Horror,42,0.73,0.8
USR-3044,32.07,72.76,Horror,35,0.63,0.77
USR-3045,19.49,59.34,"Sci-Fi,Documentary",31,0.64,0.84
USR-3046,15.89,61.09,Documentary,31,0.49,0.82
USR-3047,27.24,65.95,Documentary,33,0.7,0.86
USR-3048,16.11,54.85,"Horror,Sci-Fi",42,0.38,0.76
USR-3049,29.86,61.25,"Thriller,Horror",27,0.68,0.7
USR-3050,29.54,73.39,Sci-Fi,28,0.6,0.79
USR-3051,21.77,78.75,"Thriller,Documentary",29,0.7,0.79
USR-3052,23.77,60.7,Documentary,31,0.57,0.86
USR-3053,26.2,54.1,Horror,22,0.67,0.64
USR-3054,29.46,60.03,Documentary,21,0.59,0.54
USR-3055,24.63,52.26,"Documentary,Thriller",23,0.74,0.71
USR-3056,23.29,73.62,Sci-Fi,27,0.74,0.91
USR-3057,21.82,50.43,"Horror,Documentary",37,0.73,0.85
USR-3058,15.68,79.11,Documentary,16,0.67,0.88
USR-3059,20.46,58.54,Thriller,32,0.76,0.88
USR-3060,33.96,76.54,"Thriller,Horror",32,0.77,0.86
USR-3061,20.35,67.76,"Horror,Documentary",38,0.55,0.8
USR-3062,23.67,61.96,"Documentary,Sci-Fi",22,0.56,0.81
USR-3063,27.18,62.06,Documentary,31,0.44,0.66
USR-3064,28.88,65.59,Sci-Fi,43,0.88,0.74
USR-3065,36.52,62.2,Horror,11,0.87,0.97
USR-3066,18.92,60.18,"Thriller,Sci-Fi",30,0.65,0.74
USR-3067,22.06,63.78,Horror,41,0.64,0.8
USR-3068,27.63,66.43,"Horror,Documentary",25,0.54,0.93
USR-3069,31.16,56.22,Horror,25,0.74,0.8
USR-3070,16.66,65.67,"Horror,Sci-Fi",21,0.77,0.98
USR-3071,29.87,66.11,"Sci-Fi,Thriller",24,0.73,0.85
USR-3072,27.89,56.13,"Documentary,Thriller",35,0.68,0.89
USR-3073,19.16,76.32,"Horror,Thriller",27,0.65,0.71
USR-3074,33.31,65.2,"Thriller,Sci-Fi",32,0.94,0.79
USR-3075,22.83,61.28,Thriller,25,0.57,0.78
USR-3076,24.41,59.82,"Documentary,Thriller",41,0.77,0.79
USR-3077,25.09,55.12,"Sci-Fi,Documentary",24,0.84,0.62
USR-3078,32.6,75.12,"Documentary,Thriller",28,0.89,0.67
USR-3079,28.97,62.13,"Sci-Fi,Documentary",28,0.77,0.72
USR-3080,22.63,66.33,"Horror,Documentary",33,0.79,0.74
USR-3081,18.05,58.84,Thriller,27,0.67,0.81
USR-3082,24.69,58.73,"Documentary,Thriller",17,0.81,0.79
USR-3083,18.14,72.44,Sci-Fi,37,0.5,0.74
USR-3084,17.97,45.0,Sci-Fi,20,0.86,0.68
USR-3085,27.74,58.79,Documentary,34,0.49,0.73
USR-3086,20.88,68.48,Documentary,17,0.73,0.8
USR-3087,21.45,73.43,Sci-Fi,10,0.68,0.92
USR-3088,24.64,72.93,"Documentary,Horror",26,0.79,1.0
USR-3089,24.51,63.6,"Thriller,Sci-Fi",26,0.66,0.91
USR-3090,24.0,55.54,Sci-Fi,26,0.66,0.88
USR-3091,22.86,63.85,Horror,19,0.78,0.83
USR-3092,30.91,49.71,Thriller,21,0.74,0.69
USR-3093,20.39,52.39,"Sci-Fi,Thriller",39,0.63,0.68
USR-3094,14.94,45.0,Sci-Fi,35,0.44,0.64
USR-3095,25.42,62.72,"Horror,Sci-Fi",17,0.57,0.76
USR-3096,19.57,55.48,"Sci-Fi,Thriller",27,0.81,0.66
USR-3097,17.74,77.41,Sci-Fi,31,0.77,0.79
USR-3098,20.25,50.79,Horror,32,0.54,1.0
USR-3099,24.97,65.01,"Thriller,Horror",34,0.73,1.0
USR-3100,32.93,54.55,"Sci-Fi,Thriller",46,0.51,0.9
USR-3101,22.46,52.8,"Thriller,Sci-Fi",10,0.61,0.62
USR-3102,14.58,55.85,"Sci-Fi,Documentary",20,0.57,0.78
USR-3103,22.13,53.32,Thriller,28,0.73,0.84
USR-3104,34.85,65.72,Thriller,39,0.69,0.98
USR-3105,35.99,66.25,Documentary,22,0.61,0.81
USR-3106,26.28,67.59,Sci-Fi,33,0.73,1.0
USR-3107,29.1,66.28,Sci-Fi,25,0.59,0.76
USR-3108,21.89,71.67,Thriller,26,0.63,0.8
USR-3109,26.26,52.91,Documentary,42,0.6,0.79
USR-3110,24.2,64.11,Thriller,18,0.69,0.61
USR-3111,25.79,45.0,Sci-Fi,20,0.61,0.99
USR-3112,27.18,52.68,Horror,36,0.63,0.66
USR-3113,18.73,64.3,"Thriller,Documentary",26,0.46,0.7
USR-3114,17.74,72.95,Sci-Fi,26,0.74,0.91
USR-3115,27.94,58.17,"Horror,Documentary",22,0.64,0.77
USR-3116,22.65,84.41,"Thriller,Horror",33,0.53,0.86
USR-3117,25.96,53.6,"Thriller,Sci-Fi",38,0.47,0.86
USR-3118,31.05,77.1,"Sci-Fi,Documentary",20,0.76,0.76
USR-3119,20.42,63.74,"Horror,Documentary",23,0.56,0.94
USR-3120,35.36,76.58,"Sci-Fi,Documentary",29,0.74,0.71
USR-3121,30.28,70.99,"Sci-Fi,Thriller",42,0.74,0.79
USR-3122,25.68,75.58,"Sci-Fi,Thriller",28,0.74,0.75
USR-3123,15.54,59.42,Thriller,20,0.6,0.86
USR-3124,25.03,66.01,"Thriller,Documentary",25,0.97,0.9
USR-3125,28.77,64.94,Horror,39,0.7,0.94
USR-3126,38.42,62.57,Thriller,30,0.83,0.79
USR-3127,24.95,60.0,Thriller,20,0.73,1.0
USR-3128,22.55,53.67,"Horror,Thriller",45,0.59,0.78
USR-3129,31.0,63.05,"Documentary,Thriller",36,0.89,0.63
USR-3130,21.31,57.87,"Thriller,Sci-Fi",32,0.74,0.77
USR-3131,15.59,52.15,Thriller,18,0.57,0.64
USR-3132,25.71,71.05,"Thriller,Horror",31,0.56,0.93
USR-3133,24.47,69.34,Documentary,32,0.71,0.77
USR-3134,26.41,63.65,Documentary,26,0.83,0.56
USR-3135,24.18,56.2,"Thriller,Documentary",18,0.7,0.78
USR-3136,18.75,63.26,"Sci-Fi,Thriller",23,0.65,0.84
USR-3137,25.03,64.41,"Horror,Documentary",23,0.7,0.7
USR-3138,19.03,56.36,Sci-Fi,28,0.69,0.9
USR-3139,23.58,63.45,"Horror,Documentary",25,0.78,0.56
USR-3140,21.33,58.12,"Thriller,Horror",16,0.61,0.89
USR-3141,27.23,53.13,Horror,30,0.82,0.69
USR-3142,25.14,50.21,Horror,27,0.73,0.96
USR-3143,19.93,69.38,"Sci-Fi,Thriller",38,0.61,0.82
USR-3144,29.12,71.6,"Thriller,Sci-Fi",17,0.81,0.82
USR-3145,21.82,53.33,Thriller,38,0.67,0.72
USR-3146,24.35,56.88,"Thriller,Sci-Fi",30,0.56,0.84
USR-3147,28.55,69.51,"Sci-Fi,Thriller",28,0.67,0.84
USR-3148,30.19,54.79,Sci-Fi,26,0.49,0.74
USR-3149,26.84,59.09,Thriller,29,0.64,0.62
USR-3150,23.55,64.87,Documentary,29,0.53,0.77
USR-3151,25.1,60.65,Thriller,36,0.78,0.9
USR-3152,26.49,64.85,"Horror,Sci-Fi",45,0.68,0.66
USR-3153,21.15,62.27,Horror,19,0.55,0.74
USR-3154,25.85,58.46,"Documentary,Thriller",25,0.56,0.72
USR-3155,26.58,51.91,Horror,32,0.69,0.65
USR-3156,20.82,73.58,"Documentary,Horror",48,0.72,1.0
USR-3157,21.21,69.19,Documentary,48,0.71,0.64
USR-3158,31.07,66.52,Documentary,33,0.59,0.85
USR-3159,20.31,59.47,"Documentary,Horror",20,0.73,0.93
USR-3160,24.86,68.97,Thriller,25,0.71,0.59
USR-3161,27.15,64.88,Thriller,34,0.6,0.86
USR-3162,19.08,55.23,"Thriller,Documentary",22,0.62,1.0
USR-3163,33.25,47.48,Thriller,25,0.69,0.61
USR-3164,34.09,62.24,Thriller,28,0.63,0.9
USR-3165,34.57,69.97,Horror,25,0.63,0.95
USR-3166,20.35,61.32,Documentary,36,0.7,0.89
USR-3167,27.29,67.02,"Horror,Documentary",16,0.61,0.95
USR-3168,24.74,79.43,Documentary,26,0.63,0.69
USR-3169,27.3,50.7,"Sci-Fi,Horror",36,0.74,0.87
USR-3170,30.75,69.07,Thriller,28,0.62,0.69
USR-3171,20.0,67.79,"Thriller,Documentary",21,0.82,0.87
USR-3172,14.56,59.31,"Thriller,Sci-Fi",38,0.65,0.79
USR-3173,23.1,61.34,"Thriller,Sci-Fi",28,0.56,0.66
USR-3174,18.55,62.73,"Sci-Fi,Horror",34,0.58,0.95
USR-3175,22.43,60.29,"Thriller,Sci-Fi",29,0.59,0.66
USR-3176,25.89,64.11,Horror,20,0.41,0.96
USR-3177,23.49,65.48,"Documentary,Horror",15,0.6,0.86
USR-3178,26.53,62.41,"Thriller,Sci-Fi",31,0.6,0.7
USR-3179,27.0,55.12,Horror,27,0.55,0.79
USR-3180,19.24,62.84,"Documentary,Thriller",28,0.94,0.87
USR-3181,23.4,65.59,Documentary,21,0.66,0.66
USR-3182,22.35,60.73,Sci-Fi,38,0.59,0.71
USR-3183,22.41,64.63,Thriller,31,0.75,0.75
USR-3184,28.16,64.95,Horror,32,0.72,0.71
USR-3185,29.97,82.99,"Documentary,Thriller",26,0.52,0.67
USR-3186,28.29,61.34,Thriller,45,0.57,0.77
USR-3187,24.44,45.17,"Horror,Thriller",34,0.53,0.74
USR-3188,14.0,61.97,"Thriller,Sci-Fi",40,0.74,0.92
USR-3189,23.05,57.83,Sci-Fi,12,0.73,0.72
USR-3190,16.58,75.42,Documentary,30,0.5,0.62
USR-3191,30.42,58.21,"Sci-Fi,Documentary",19,0.75,0.83
USR-3192,32.77,72.74,"Documentary,Thriller",28,0.79,0.81
USR-3193,25.94,71.7,Documentary,24,0.69,0.86
USR-3194,15.85,73.05,Documentary,33,0.96,0.92
USR-3195,26.25,55.6,Thriller,22,0.71,0.84
USR-3196,25.82,63.28,Sci-Fi,33,0.51,0.78
USR-3197,30.53,54.73,"Sci-Fi,Horror",24,0.75,0.87
USR-3198,31.35,53.96,"Documentary,Horror",35,0.57,0.54
USR-3199,22.61,84.47,"Sci-Fi,Thriller",12,0.9,0.55
USR-3200,14.0,62.79,"Horror,Sci-Fi",30,0.44,0.76
USR-3201,20.51,51.32,Sci-Fi,36,0.61,0.74
USR-3202,14.0,69.57,"Thriller,Documentary",36,0.83,0.7
USR-3203,21.73,80.5,"Thriller,Horror",34,0.73,0.81
USR-3204,25.88,64.18,"Thriller,Horror",29,0.8,0.88
USR-3205,27.49,70.94,Thriller,29,0.56,0.69
USR-3206,17.79,58.18,Documentary,25,0.39,0.86
USR-3207,35.1,66.85,"Sci-Fi,Documentary",28,0.67,0.73
USR-3208,24.45,61.7,"Sci-Fi,Horror",23,0.77,0.77
USR-3209,33.5,64.73,"Horror,Documentary",27,0.65,0.78
USR-3210,18.29,55.87,Thriller,15,0.57,0.79
USR-3211,25.5,46.17,Horror,37,0.52,0.51
USR-3212,24.15,55.22,Thriller,41,0.64,0.7
USR-3213,24.29,70.12,Sci-Fi,32,0.76,0.81
USR-3214,18.59,64.59,"Thriller,Documentary",35,0.63,0.56
USR-3215,29.92,62.71,"Sci-Fi,Documentary",32,0.83,0.82
USR-3216,35.29,62.96,"Documentary,Sci-Fi",30,0.87,0.89
USR-3217,33.72,62.44,"Documentary,Horror",27,0.55,0.79
USR-3218,20.05,65.54,Horror,31,0.68,0.87
USR-3219,34.26,72.45,"Documentary,Sci-Fi",31,0.52,0.84
USR-3220,25.37,62.19,"Thriller,Horror",38,0.79,0.77
USR-3221,23.26,65.84,"Documentary,Horror",31,0.68,0.99
USR-3222,22.16,61.76,Horror,41,0.57,0.76
USR-3223,31.42,56.59,"Thriller,Horror",43,0.98,0.87
USR-3224,26.15,62.53,"Sci-Fi,Horror",35,0.7,0.81
USR-3225,24.13,63.3,"Sci-Fi,Horror",30,0.89,0.68
USR-3226,22.64,54.86,Sci-Fi,39,0.64,0.85
USR-3227,23.96,71.24,Thriller,29,0.65,0.84
USR-3228,26.42,59.81,"Documentary,Horror",32,0.6,0.87
USR-3229,22.42,75.39,Horror,18,0.85,0.78
USR-3230,32.7,62.39,Sci-Fi,28,0.74,0.62
USR-3231,21.16,67.78,"Thriller,Documentary",24,0.58,0.8
USR-3232,24.44,58.29,"Thriller,Horror",44,0.49,0.9
USR-3233,18.51,62.24,Sci-Fi,32,0.52,0.73
USR-3234,20.63,54.28,Sci-Fi,26,0.8,0.66
USR-3235,21.88,57.43,"Documentary,Thriller",28,0.59,0.75
USR-3236,25.47,62.94,Horror,38,0.77,0.91
USR-3237,30.77,63.5,Documentary,27,0.73,0.85
USR-3238,23.91,48.7,"Sci-Fi,Horror",28,0.69,1.0
USR-3239,23.07,60.74,"Documentary,Thriller",31,0.71,0.8
USR-3240,25.97,52.48,"Thriller,Documentary",29,0.63,0.95
USR-3241,27.17,65.26,"Sci-Fi,Documentary",19,0.53,0.64
USR-3242,20.14,68.67,Sci-Fi,31,0.74,0.86
USR-3243,24.67,52.82,Horror,20,0.72,1.0
USR-3244,22.63,76.67,"Documentary,Sci-Fi",24,0.63,0.9
USR-3245,21.03,58.99,"Horror,Documentary",21,0.55,0.48
USR-3246,21.83,73.32,Documentary,18,0.62,0.91
USR-3247,18.1,64.73,Sci-Fi,25,0.85,0.85
USR-3248,28.4,57.7,Horror,36,0.78,0.84
USR-3249,22.59,63.3,Documentary,25,0.64,0.62
USR-3250,27.36,66.23,Documentary,27,0.74,0.81
USR-3251,23.77,58.61,Thriller,18,0.66,0.66
USR-3252,28.97,66.66,"Documentary,Thriller",27,0.47,0.67
USR-3253,23.76,58.36,"Documentary,Horror",30,0.47,0.86
USR-3254,33.9,68.9,Thriller,24,0.84,0.63
USR-3255,20.66,57.51,"Thriller,Documentary",18,0.63,0.77
USR-3256,20.86,67.49,"Thriller,Documentary",37,0.67,0.81
USR-3257,14.0,58.63,"Horror,Documentary",22,0.67,0.78
USR-3258,24.39,55.9,"Thriller,Sci-Fi",43,0.62,0.68
USR-3259,25.99,58.21,"Thriller,Documentary",20,0.89,0.66
USR-3260,32.14,54.36,"Thriller,Sci-Fi",29,0.66,0.62
USR-3261,27.49,68.0,"Horror,Sci-Fi",34,0.65,0.7
USR-3262,29.5,63.71,"Horror,Sci-Fi",23,0.69,0.86
USR-3263,23.1,67.69,"Sci-Fi,Horror",44,0.84,0.86
USR-3264,25.78,59.95,Documentary,24,0.56,0.68
USR-3265,20.65,76.03,Sci-Fi,45,0.77,0.93
USR-3266,21.08,70.47,"Documentary,Sci-Fi",27,0.55,0.8
USR-3267,26.19,66.16,Sci-Fi,19,0.86,0.93
USR-3268,33.5,49.29,Horror,23,0.49,0.72
USR-3269,24.96,74.74,"Horror,Documentary",23,0.82,0.78
USR-3270,23.04,66.74,"Horror,Thriller",12,0.51,0.55
USR-3271,21.18,63.46,Thriller,31,0.51,0.75
USR-3272,17.51,60.57,"Horror,Sci-Fi",41,0.75,0.69
USR-3273,14.0,52.13,Horror,42,0.48,0.95
USR-3274,19.41,68.95,Documentary,38,0.73,0.63
USR-3275,25.36,82.48,Horror,28,0.74,0.77
USR-3276,25.42,59.66,"Sci-Fi,Thriller",21,0.98,0.83
USR-3277,27.0,59.53,Thriller,35,0.72,0.96
USR-3278,22.69,65.9,"Documentary,Horror",36,0.77,0.71
USR-3279,23.75,67.09,"Documentary,Horror",34,0.92,0.76
USR-3280,29.07,69.13,Documentary,33,0.72,0.73
USR-3281,26.78,68.88,Documentary,32,0.51,0.68
USR-3282,26.06,56.16,"Sci-Fi,Documentary",25,0.8,0.89
USR-3283,21.14,71.37,"Horror,Documentary",24,0.88,0.84
USR-3284,25.45,58.92,Documentary,25,0.4,0.74
USR-3285,23.95,47.39,Thriller,28,0.76,0.71
USR-3286,30.82,70.62,"Thriller,Horror",27,0.61,0.45
USR-3287,18.62,52.89,Sci-Fi,41,0.51,0.74
USR-3288,20.52,52.72,Sci-Fi,27,0.68,0.71
USR-3289,22.15,60.15,"Thriller,Sci-Fi",36,0.75,0.85
USR-3290,30.94,53.04,Thriller,26,0.89,0.75
USR-3291,14.0,60.38,Thriller,40,0.59,0.82
USR-3292,22.87,51.69,"Horror,Documentary",21,0.66,0.72
USR-3293,19.33,71.57,"Sci-Fi,Thriller",33,0.71,0.63
USR-3294,22.77,56.53,"Horror,Documentary",15,0.81,0.7
USR-3295,29.98,69.05,"Thriller,Horror",25,0.9,0.79
USR-3296,25.51,56.81,"Horror,Documentary",22,0.59,0.61
USR-3297,17.65,71.57,"Documentary,Sci-Fi",25,0.64,0.95
USR-3298,18.39,56.18,"Thriller,Sci-Fi",23,0.77,0.87
USR-3299,21.1,77.58,"Sci-Fi,Horror",20,0.84,0.84
USR-3300,21.59,52.76,Horror,25,0.89,0.86
USR-3301,29.13,49.44,"Thriller,Horror",31,0.55,0.69
USR-3302,22.87,51.45,Thriller,26,0.63,0.67
USR-3303,27.37,56.97,"Thriller,Sci-Fi",32,0.61,0.68
USR-3304,21.42,58.44,"Horror,Documentary",23,0.8,0.63
USR-3305,24.68,54.78,Thriller,26,0.92,0.73
USR-3306,19.96,55.9,Documentary,38,0.85,0.81
USR-3307,24.96,79.06,Documentary,30,0.52,0.69
USR-3308,27.44,62.58,Sci-Fi,24,0.68,0.64
USR-3309,23.06,55.55,Thriller,21,0.7,0.8
USR-3310,14.0,68.66,"Thriller,Sci-Fi",46,0.65,0.9
USR-3311,24.29,79.33,"Thriller,Documentary",22,0.51,0.77
USR-3312,29.7,58.18,Thriller,25,0.76,0.68
USR-3313,22.63,65.16,"Horror,Documentary",30,0.86,0.66
USR-3314,14.24,65.64,"Sci-Fi,Horror",29,0.78,0.52
USR-3315,20.74,80.54,Horror,39,0.68,0.88
USR-3316,27.59,66.31,Thriller,27,0.7,0.71
USR-3317,24.06,52.65,"Horror,Documentary",23,0.65,0.67
USR-3318,21.47,60.69,"Thriller,Documentary",33,0.84,0.89
USR-3319,26.52,63.23,Sci-Fi,32,0.82,0.93
USR-3320,30.67,62.33,Sci-Fi,34,0.64,0.78
USR-3321,28.5,69.32,"Horror,Documentary",28,0.5,0.81
USR-3322,19.41,50.08,"Sci-Fi,Documentary",19,0.72,0.94
USR-3323,24.19,63.69,Horror,26,0.8,0.75
USR-3324,35.95,61.38,"Sci-Fi,Documentary",30,0.69,0.84
USR-3325,24.91,55.77,"Sci-Fi,Horror",42,0.48,0.61
USR-3326,16.78,68.2,Horror,36,0.56,1.0
USR-3327,22.08,73.49,Thriller,36,0.57,0.73
USR-3328,19.64,51.25,Sci-Fi,27,0.91,0.86
USR-3329,21.21,56.89,Thriller,21,0.68,0.84
USR-3330,30.08,59.34,Documentary,22,0.65,0.68
USR-3331,24.55,49.01,Documentary,36,0.66,0.98
USR-3332,33.55,67.31,Horror,18,0.71,0.98
USR-3333,17.31,60.71,Thriller,47,0.7,0.9
USR-3334,24.22,53.7,"Thriller,Horror",41,0.84,0.85
USR-3335,33.14,79.86,Documentary,15,0.95,0.73
USR-3336,29.68,56.07,"Documentary,Horror",42,0.65,0.72
USR-3337,26.98,61.59,Horror,24,0.61,1.0
USR-3338,25.13,46.13,"Sci-Fi,Horror",25,0.8,0.67
USR-3339,36.09,61.75,"Horror,Documentary",10,0.51,0.39
USR-3340,34.56,63.72,Thriller,22,0.58,0.82
USR-3341,19.12,59.27,Thriller,35,0.83,0.64
USR-3342,24.12,55.2,Sci-Fi,26,0.81,0.91
USR-3343,18.47,61.01,Thriller,24,0.72,0.84
USR-3344,27.27,66.74,Sci-Fi,23,0.7,0.78
USR-3345,29.26,54.83,Sci-Fi,29,0.67,0.69
USR-3346,28.55,58.65,"Sci-Fi,Documentary",22,0.68,0.49
USR-3347,22.82,61.83,Thriller,42,0.73,0.64
USR-3348,28.61,60.05,Horror,16,0.53,0.71
USR-3349,31.95,73.08,"Horror,Sci-Fi",28,0.65,0.75
USR-3350,26.64,69.01,"Thriller,Horror",37,0.64,1.0
USR-3351,25.87,64.94,"Documentary,Thriller",10,0.65,0.78
USR-3352,30.41,62.38,Horror,16,0.53,0.68
USR-3353,26.71,72.07,"Horror,Documentary",33,0.69,0.86
USR-3354,14.0,62.89,"Documentary,Thriller",21,0.82,0.76
USR-3355,24.15,49.96,Thriller,38,0.76,0.85
USR-3356,19.93,55.81,Horror,31,0.6,0.83
USR-3357,14.0,58.1,"Horror,Sci-Fi",31,0.92,0.5
USR-3358,19.92,58.79,"Thriller,Sci-Fi",36,0.8,0.73
USR-3359,30.06,53.74,"Horror,Sci-Fi",38,0.62,0.77
USR-3360,26.53,66.36,Documentary,37,0.63,0.66
USR-3361,29.93,56.05,"Thriller,Sci-Fi",28,0.66,0.92
USR-3362,24.06,64.56,"Thriller,Documentary",37,0.67,0.9
USR-3363,26.11,60.2,Sci-Fi,39,0.53,0.65
USR-3364,21.81,47.66,"Horror,Sci-Fi",33,0.6,0.7
USR-3365,27.07,49.25,"Documentary,Horror",34,0.57,0.91
USR-3366,20.97,60.51,Sci-Fi,40,0.51,0.77
USR-3367,25.33,58.51,"Sci-Fi,Thriller",24,0.77,0.74
USR-3368,18.67,55.06,"Documentary,Sci-Fi",30,0.58,0.67
USR-3369,21.56,63.27,"Sci-Fi,Thriller",32,0.79,0.69
USR-3370,30.96,83.77,"Documentary,Sci-Fi",26,0.47,0.57
USR-3371,21.52,56.45,Documentary,10,0.72,0.84
USR-3372,18.94,45.0,Thriller,24,0.44,0.8
USR-3373,29.14,69.65,Documentary,37,0.57,0.87
USR-3374,20.31,64.82,Thriller,42,0.79,0.92
USR-3375,26.71,50.38,"Thriller,Sci-Fi",22,0.78,0.79
USR-3376,27.25,61.29,"Documentary,Thriller",26,0.76,0.57
USR-3377,22.4,62.53,"Thriller,Sci-Fi",40,0.56,0.99
USR-3378,17.83,69.64,"Documentary,Sci-Fi",26,0.69,0.79
USR-3379,22.61,57.35,Documentary,15,0.73,0.92
USR-3380,30.82,54.34,Thriller,31,0.68,0.96
USR-3381,21.13,67.73,Sci-Fi,33,0.6,0.83
USR-3382,33.47,54.53,Documentary,31,0.75,0.74
USR-3383,31.87,65.87,"Horror,Thriller",41,0.75,0.81
USR-3384,22.51,61.22,Documentary,30,0.72,0.81
USR-3385,26.97,65.6,Sci-Fi,29,0.56,0.78
USR-3386,23.78,72.97,"Sci-Fi,Thriller",40,0.52,0.76
USR-3387,21.63,82.86,"Horror,Documentary",24,0.68,0.74
USR-3388,28.06,65.52,Sci-Fi,36,0.62,0.61
USR-3389,23.09,62.91,Horror,23,0.58,0.78
USR-3390,28.29,52.27,Sci-Fi,37,0.86,0.64
USR-3391,28.57,65.08,"Horror,Thriller",28,0.58,0.92
USR-3392,24.46,56.58,Documentary,18,0.67,0.79
USR-3393,23.41,62.99,"Horror,Documentary",36,0.79,0.7
USR-3394,23.01,54.08,"Documentary,Horror",28,0.76,0.8
USR-3395,30.56,52.87,Horror,36,0.53,0.77
USR-3396,27.3,67.99,Thriller,40,0.53,0.71
USR-3397,25.8,71.0,Thriller,16,0.58,0.8
USR-3398,23.97,57.99,"Sci-Fi,Horror",31,0.8,0.83
USR-3399,23.39,69.42,"Documentary,Sci-Fi",15,0.69,0.63
USR-3400,31.1,70.34,Horror,39,0.75,0.8
USR-9901,-12.5,45.0,Comedy,10,0.4,0.5
USR-9902,15.0,-30.0,Drama,10,0.4,0.5
USR-1011,9.97,33.13,"Animation,Family",10,0.48,0.34
USR-9903,22.0,55.0,,20,0.5,0.7
USR-9904,35.0,80.0,AlienSpeculative,35,0.5,0.8
